$date
	Mon Sep 28 21:55:08 2026
$end
$version
	Icarus Verilog
$end
$timescale
	1ps
$end
$scope module tb_datapath $end
$var wire 1 ! LED_R $end
$var wire 1 " LED_G $end
$var wire 1 # LED_B $end
$var wire 4 $ LED [3:0] $end
$var parameter 32 % N_TICK $end
$var reg 4 & BTNS [3:0] $end
$var reg 4 ' SW [3:0] $end
$var reg 1 ( clk $end
$var integer 32 ) errores [31:0] $end
$scope module dut $end
$var wire 4 * BTNS [3:0] $end
$var wire 4 + LED [3:0] $end
$var wire 4 , SW [3:0] $end
$var wire 1 ( clk $end
$var wire 4 - Z [3:0] $end
$var parameter 2 . AND_OP $end
$var parameter 32 / N_TICK $end
$var parameter 2 0 OR_OP $end
$var parameter 2 1 RES_OP $end
$var parameter 2 2 SUM_OP $end
$var reg 4 3 A [3:0] $end
$var reg 4 4 B [3:0] $end
$var reg 2 5 C [1:0] $end
$var reg 1 # LED_B $end
$var reg 1 " LED_G $end
$var reg 1 ! LED_R $end
$var reg 2 6 btn_m [3:2] $end
$var reg 4 7 btn_s0 [3:0] $end
$var reg 4 8 btn_s1 [3:0] $end
$var reg 1 9 tick $end
$var integer 32 : cnt [31:0] $end
$scope module calll $end
$var wire 4 ; A [3:0] $end
$var wire 4 < B [3:0] $end
$var wire 2 = OP [1:0] $end
$var parameter 2 > AND_OP $end
$var parameter 2 ? OR_OP $end
$var parameter 2 @ RES_OP $end
$var parameter 2 A SUM_OP $end
$var reg 4 B OUTT [3:0] $end
$upscope $end
$upscope $end
$scope task esperar $end
$upscope $end
$scope task press_btn $end
$var integer 32 C idx [31:0] $end
$var integer 32 D k [31:0] $end
$upscope $end
$scope task verificar $end
$var reg 4 E a_esp [3:0] $end
$var reg 4 F b_esp [3:0] $end
$var reg 2 G c_esp [1:0] $end
$var reg 128 H caso [127:0] $end
$var reg 4 I led_esp [3:0] $end
$var reg 3 J rgb_esp [2:0] $end
$upscope $end
$upscope $end
$enddefinitions $end
$comment Show the parameter values. $end
$dumpall
b0 A
b1 @
b11 ?
b10 >
b0 2
b1 1
b11 0
b10100 /
b10 .
b10100 %
$end
#0
$dumpvars
bx J
bx I
bx H
bx G
bx F
bx E
bx D
bx C
b0 B
b0 =
b0 <
b0 ;
b0 :
09
b0 8
b0 7
b0 6
b0 5
b0 4
b0 3
b0 -
b0 ,
b0 +
b0 *
b0 )
0(
b0 '
b0 &
b0 $
0#
1"
0!
$end
#4000
b1 :
1(
#8000
0(
#12000
b10 :
1(
#16000
0(
#20000
b11 :
1(
#24000
0(
#28000
b100 :
1(
#32000
0(
#36000
b101 :
1(
#40000
0(
#44000
b110 :
1(
#48000
0(
#52000
b111 :
1(
#56000
0(
#60000
b1000 :
1(
#64000
0(
#68000
b1001 :
1(
#72000
0(
#76000
b1010 :
1(
#80000
0(
#84000
b1011 :
1(
#88000
0(
#92000
b1100 :
1(
#96000
0(
#100000
b1101 :
1(
#104000
0(
#108000
b1110 :
1(
#112000
0(
#116000
b1111 :
1(
#120000
0(
#124000
b10000 :
1(
#128000
0(
#132000
b10001 :
1(
#136000
0(
#140000
b10010 :
1(
#144000
0(
#148000
b10011 :
1(
#152000
0(
#156000
19
b0 :
1(
#160000
0(
#164000
09
b1 :
1(
#168000
0(
#172000
b10 :
1(
#176000
0(
#180000
b11 :
1(
#184000
0(
#188000
b100 :
1(
#192000
0(
#196000
b101 :
1(
#200000
0(
#204000
b110 :
1(
#208000
0(
#212000
b111 :
1(
#216000
0(
#220000
b1000 :
1(
#224000
0(
#228000
b1001 :
1(
#232000
0(
#236000
b1010 :
1(
#240000
0(
#244000
b1011 :
1(
#248000
0(
#252000
b1100 :
1(
#256000
0(
#260000
b1101 :
1(
#264000
0(
#268000
b1110 :
1(
#272000
0(
#276000
b1111 :
1(
#280000
0(
#284000
b10000 :
1(
#288000
0(
#292000
b10001 :
1(
#296000
0(
#300000
b10010 :
1(
#304000
0(
#308000
b10011 :
1(
#312000
0(
#316000
19
b0 :
1(
#320000
0(
#324000
09
b1 :
1(
#328000
0(
#332000
b10 :
1(
#336000
0(
#340000
b11 :
1(
#344000
0(
#348000
b100 :
1(
#352000
0(
#356000
b101 :
1(
#360000
0(
#364000
b110 :
1(
#368000
0(
#372000
b111 :
1(
#376000
0(
#380000
b1000 :
1(
#384000
0(
#388000
b1001 :
1(
#392000
0(
#396000
b1010 :
1(
#400000
0(
#404000
b1011 :
1(
#408000
0(
#412000
b1100 :
1(
#416000
0(
#420000
b1101 :
1(
#424000
0(
#428000
b1110 :
1(
#432000
0(
#436000
b1111 :
1(
#440000
0(
#444000
b10000 :
1(
#448000
0(
#452000
b10001 :
1(
#456000
0(
#460000
b10010 :
1(
#464000
0(
#468000
b10011 :
1(
#472000
0(
#476000
19
b0 :
1(
#480000
0(
#484000
09
b1 :
1(
#488000
0(
#492000
b10 :
1(
#496000
0(
#500000
b11 :
1(
#504000
0(
#508000
b100 :
1(
#512000
0(
#516000
b101 :
1(
#520000
0(
#524000
b110 :
1(
#528000
0(
#532000
b111 :
1(
#536000
0(
#540000
b1000 :
1(
#544000
0(
#548000
b1001 :
1(
#552000
0(
#556000
b1010 :
1(
#560000
0(
#564000
b1011 :
1(
#568000
0(
#572000
b1100 :
1(
#576000
0(
#580000
b1101 :
1(
#584000
0(
#588000
b1110 :
1(
#592000
0(
#596000
b1111 :
1(
#600000
0(
#604000
b10000 :
1(
#608000
0(
#612000
b10001 :
1(
#616000
0(
#620000
b10010 :
1(
#624000
0(
#628000
b10011 :
1(
#632000
0(
#636000
19
b0 :
1(
#640000
0(
#644000
09
b1 :
1(
#648000
0(
#652000
b10 :
1(
#656000
0(
#660000
b11 :
1(
#664000
0(
#668000
b100 :
1(
#672000
0(
#676000
b101 :
1(
#680000
0(
#684000
b110 :
1(
#688000
0(
#692000
b111 :
1(
#696000
0(
#700000
b1000 :
1(
#704000
0(
#708000
b1001 :
1(
#712000
0(
#716000
b1010 :
1(
#720000
0(
#724000
b1011 :
1(
#728000
0(
#732000
b1100 :
1(
#736000
0(
#740000
b1101 :
1(
#744000
0(
#748000
b1110 :
1(
#752000
0(
#756000
b1111 :
1(
#760000
0(
#764000
b10000 :
1(
#768000
0(
#772000
b10001 :
1(
#776000
0(
#780000
b10010 :
1(
#784000
0(
#788000
b10011 :
1(
#792000
0(
#796000
19
b0 :
b1 &
b1 *
b0 D
b0 C
b101 '
b101 ,
1(
#800000
0(
#804000
b1 7
09
b1 :
1(
#808000
0(
#812000
b10 :
b1 8
1(
#816000
0(
#820000
b101 $
b101 +
b101 -
b101 B
b0 7
b101 3
b101 ;
b11 :
b0 &
b0 *
1(
#824000
0(
#828000
b100 :
b0 8
1(
#832000
0(
#836000
b1 7
b101 :
b1 &
b1 *
b1 D
1(
#840000
0(
#844000
b110 :
b1 8
1(
#848000
0(
#852000
b111 :
1(
#856000
0(
#860000
b1000 :
b0 &
b0 *
1(
#864000
0(
#868000
b0 7
b1001 :
1(
#872000
0(
#876000
b1010 :
b0 8
b1 &
b1 *
b10 D
1(
#880000
0(
#884000
b1 7
b1011 :
1(
#888000
0(
#892000
b1100 :
b1 8
1(
#896000
0(
#900000
b0 7
b1101 :
b0 &
b0 *
1(
#904000
0(
#908000
b1110 :
b0 8
1(
#912000
0(
#916000
b1 7
b1111 :
b1 &
b1 *
b11 D
1(
#920000
0(
#924000
b10000 :
b1 8
1(
#928000
0(
#932000
b10001 :
1(
#936000
0(
#940000
b10010 :
b0 &
b0 *
1(
#944000
0(
#948000
b0 7
b10011 :
1(
#952000
0(
#956000
19
b0 :
b0 8
b1 &
b1 *
b100 D
1(
#960000
0(
#964000
b1 7
09
b1 :
1(
#968000
0(
#972000
b10 :
b1 8
1(
#976000
0(
#980000
b11 :
1(
#984000
0(
#988000
b100 :
1(
#992000
0(
#996000
b101 :
1(
#1000000
0(
#1004000
b110 :
1(
#1008000
0(
#1012000
b111 :
1(
#1016000
0(
#1020000
b1000 :
1(
#1024000
0(
#1028000
b1001 :
1(
#1032000
0(
#1036000
b1010 :
1(
#1040000
0(
#1044000
b1011 :
1(
#1048000
0(
#1052000
b1100 :
1(
#1056000
0(
#1060000
b1101 :
1(
#1064000
0(
#1068000
b1110 :
1(
#1072000
0(
#1076000
b1111 :
1(
#1080000
0(
#1084000
b10000 :
1(
#1088000
0(
#1092000
b10001 :
1(
#1096000
0(
#1100000
b10010 :
1(
#1104000
0(
#1108000
b10011 :
1(
#1112000
0(
#1116000
19
b0 :
1(
#1120000
0(
#1124000
09
b1 :
1(
#1128000
0(
#1132000
b10 :
1(
#1136000
0(
#1140000
b11 :
1(
#1144000
0(
#1148000
b100 :
1(
#1152000
0(
#1156000
b101 :
1(
#1160000
0(
#1164000
b110 :
1(
#1168000
0(
#1172000
b111 :
1(
#1176000
0(
#1180000
b1000 :
1(
#1184000
0(
#1188000
b1001 :
1(
#1192000
0(
#1196000
b1010 :
1(
#1200000
0(
#1204000
b1011 :
1(
#1208000
0(
#1212000
b1100 :
1(
#1216000
0(
#1220000
b1101 :
1(
#1224000
0(
#1228000
b1110 :
1(
#1232000
0(
#1236000
b1111 :
1(
#1240000
0(
#1244000
b10000 :
1(
#1248000
0(
#1252000
b10001 :
1(
#1256000
0(
#1260000
b10010 :
1(
#1264000
0(
#1268000
b10011 :
1(
#1272000
0(
#1276000
19
b0 :
1(
#1280000
0(
#1284000
09
b1 :
1(
#1288000
0(
#1292000
b10 :
1(
#1296000
0(
#1300000
b11 :
1(
#1304000
0(
#1308000
b100 :
1(
#1312000
0(
#1316000
b101 :
1(
#1320000
0(
#1324000
b110 :
1(
#1328000
0(
#1332000
b111 :
1(
#1336000
0(
#1340000
b1000 :
1(
#1344000
0(
#1348000
b1001 :
1(
#1352000
0(
#1356000
b1010 :
1(
#1360000
0(
#1364000
b1011 :
1(
#1368000
0(
#1372000
b1100 :
1(
#1376000
0(
#1380000
b1101 :
1(
#1384000
0(
#1388000
b1110 :
1(
#1392000
0(
#1396000
b1111 :
1(
#1400000
0(
#1404000
b10000 :
1(
#1408000
0(
#1412000
b10001 :
1(
#1416000
0(
#1420000
b10010 :
1(
#1424000
0(
#1428000
b10011 :
1(
#1432000
0(
#1436000
19
b0 :
1(
#1440000
0(
#1444000
09
b1 :
1(
#1448000
0(
#1452000
b10 :
1(
#1456000
0(
#1460000
b11 :
1(
#1464000
0(
#1468000
b100 :
1(
#1472000
0(
#1476000
b101 :
1(
#1480000
0(
#1484000
b110 :
1(
#1488000
0(
#1492000
b111 :
1(
#1496000
0(
#1500000
b1000 :
1(
#1504000
0(
#1508000
b1001 :
1(
#1512000
0(
#1516000
b1010 :
1(
#1520000
0(
#1524000
b1011 :
1(
#1528000
0(
#1532000
b1100 :
1(
#1536000
0(
#1540000
b1101 :
1(
#1544000
0(
#1548000
b1110 :
1(
#1552000
0(
#1556000
b1111 :
1(
#1560000
0(
#1564000
b10000 :
1(
#1568000
0(
#1572000
b10001 :
1(
#1576000
0(
#1580000
b10010 :
1(
#1584000
0(
#1588000
b10011 :
1(
#1592000
0(
#1596000
19
b0 :
1(
#1600000
0(
#1604000
09
b1 :
1(
#1608000
0(
#1612000
b10 :
1(
#1616000
0(
#1620000
b11 :
1(
#1624000
0(
#1628000
b100 :
1(
#1632000
0(
#1636000
b101 :
1(
#1640000
0(
#1644000
b110 :
1(
#1648000
0(
#1652000
b111 :
1(
#1656000
0(
#1660000
b1000 :
1(
#1664000
0(
#1668000
b1001 :
1(
#1672000
0(
#1676000
b1010 :
1(
#1680000
0(
#1684000
b1011 :
1(
#1688000
0(
#1692000
b1100 :
1(
#1696000
0(
#1700000
b1101 :
1(
#1704000
0(
#1708000
b1110 :
1(
#1712000
0(
#1716000
b1111 :
1(
#1720000
0(
#1724000
b10000 :
1(
#1728000
0(
#1732000
b10001 :
1(
#1736000
0(
#1740000
b10010 :
1(
#1744000
0(
#1748000
b10011 :
1(
#1752000
0(
#1756000
19
b0 :
b0 &
b0 *
b0 D
1(
#1760000
0(
#1764000
b0 7
09
b1 :
1(
#1768000
0(
#1772000
b10 :
b0 8
1(
#1776000
0(
#1780000
b1 7
b11 :
b1 &
b1 *
1(
#1784000
0(
#1788000
b100 :
b1 8
1(
#1792000
0(
#1796000
b0 7
b101 :
b0 &
b0 *
b1 D
1(
#1800000
0(
#1804000
b110 :
b0 8
1(
#1808000
0(
#1812000
b111 :
1(
#1816000
0(
#1820000
b1000 :
b1 &
b1 *
1(
#1824000
0(
#1828000
b1 7
b1001 :
1(
#1832000
0(
#1836000
b1010 :
b1 8
b0 &
b0 *
b10 D
1(
#1840000
0(
#1844000
b0 7
b1011 :
1(
#1848000
0(
#1852000
b1100 :
b0 8
1(
#1856000
0(
#1860000
b1 7
b1101 :
b1 &
b1 *
1(
#1864000
0(
#1868000
b1110 :
b1 8
1(
#1872000
0(
#1876000
b0 7
b1111 :
b0 &
b0 *
b11 D
1(
#1880000
0(
#1884000
b10000 :
b0 8
1(
#1888000
0(
#1892000
b10001 :
1(
#1896000
0(
#1900000
b10010 :
b1 &
b1 *
1(
#1904000
0(
#1908000
b1 7
b10011 :
1(
#1912000
0(
#1916000
19
b0 :
b1 8
b0 &
b0 *
b100 D
1(
#1920000
0(
#1924000
b0 7
09
b1 :
1(
#1928000
0(
#1932000
b10 :
b0 8
1(
#1936000
0(
#1940000
b11 :
1(
#1944000
0(
#1948000
b100 :
1(
#1952000
0(
#1956000
b101 :
1(
#1960000
0(
#1964000
b110 :
1(
#1968000
0(
#1972000
b111 :
1(
#1976000
0(
#1980000
b1000 :
1(
#1984000
0(
#1988000
b1001 :
1(
#1992000
0(
#1996000
b1010 :
1(
#2000000
0(
#2004000
b1011 :
1(
#2008000
0(
#2012000
b1100 :
1(
#2016000
0(
#2020000
b1101 :
1(
#2024000
0(
#2028000
b1110 :
1(
#2032000
0(
#2036000
b1111 :
1(
#2040000
0(
#2044000
b10000 :
1(
#2048000
0(
#2052000
b10001 :
1(
#2056000
0(
#2060000
b10010 :
1(
#2064000
0(
#2068000
b10011 :
1(
#2072000
0(
#2076000
19
b0 :
1(
#2080000
0(
#2084000
09
b1 :
1(
#2088000
0(
#2092000
b10 :
1(
#2096000
0(
#2100000
b11 :
1(
#2104000
0(
#2108000
b100 :
1(
#2112000
0(
#2116000
b101 :
1(
#2120000
0(
#2124000
b110 :
1(
#2128000
0(
#2132000
b111 :
1(
#2136000
0(
#2140000
b1000 :
1(
#2144000
0(
#2148000
b1001 :
1(
#2152000
0(
#2156000
b1010 :
1(
#2160000
0(
#2164000
b1011 :
1(
#2168000
0(
#2172000
b1100 :
1(
#2176000
0(
#2180000
b1101 :
1(
#2184000
0(
#2188000
b1110 :
1(
#2192000
0(
#2196000
b1111 :
1(
#2200000
0(
#2204000
b10000 :
1(
#2208000
0(
#2212000
b10001 :
1(
#2216000
0(
#2220000
b10010 :
1(
#2224000
0(
#2228000
b10011 :
1(
#2232000
0(
#2236000
19
b0 :
1(
#2240000
0(
#2244000
09
b1 :
1(
#2248000
0(
#2252000
b10 :
1(
#2256000
0(
#2260000
b11 :
1(
#2264000
0(
#2268000
b100 :
1(
#2272000
0(
#2276000
b101 :
1(
#2280000
0(
#2284000
b110 :
1(
#2288000
0(
#2292000
b111 :
1(
#2296000
0(
#2300000
b1000 :
1(
#2304000
0(
#2308000
b1001 :
1(
#2312000
0(
#2316000
b1010 :
1(
#2320000
0(
#2324000
b1011 :
1(
#2328000
0(
#2332000
b1100 :
1(
#2336000
0(
#2340000
b1101 :
1(
#2344000
0(
#2348000
b1110 :
1(
#2352000
0(
#2356000
b1111 :
1(
#2360000
0(
#2364000
b10000 :
1(
#2368000
0(
#2372000
b10001 :
1(
#2376000
0(
#2380000
b10010 :
1(
#2384000
0(
#2388000
b10011 :
1(
#2392000
0(
#2396000
19
b0 :
1(
#2400000
0(
#2404000
09
b1 :
1(
#2408000
0(
#2412000
b10 :
1(
#2416000
0(
#2420000
b11 :
1(
#2424000
0(
#2428000
b100 :
1(
#2432000
0(
#2436000
b101 :
1(
#2440000
0(
#2444000
b110 :
1(
#2448000
0(
#2452000
b111 :
1(
#2456000
0(
#2460000
b1000 :
1(
#2464000
0(
#2468000
b1001 :
1(
#2472000
0(
#2476000
b1010 :
1(
#2480000
0(
#2484000
b1011 :
1(
#2488000
0(
#2492000
b1100 :
1(
#2496000
0(
#2500000
b1101 :
1(
#2504000
0(
#2508000
b1110 :
1(
#2512000
0(
#2516000
b1111 :
1(
#2520000
0(
#2524000
b10000 :
1(
#2528000
0(
#2532000
b10001 :
1(
#2536000
0(
#2540000
b10010 :
1(
#2544000
0(
#2548000
b10011 :
1(
#2552000
0(
#2556000
19
b0 :
1(
#2560000
0(
#2564000
09
b1 :
1(
#2568000
0(
#2572000
b10 :
1(
#2576000
0(
#2580000
b11 :
1(
#2584000
0(
#2588000
b100 :
1(
#2592000
0(
#2596000
b101 :
1(
#2600000
0(
#2604000
b110 :
1(
#2608000
0(
#2612000
b111 :
1(
#2616000
0(
#2620000
b1000 :
1(
#2624000
0(
#2628000
b1001 :
1(
#2632000
0(
#2636000
b1010 :
1(
#2640000
0(
#2644000
b1011 :
1(
#2648000
0(
#2652000
b1100 :
1(
#2656000
0(
#2660000
b1101 :
1(
#2664000
0(
#2668000
b1110 :
1(
#2672000
0(
#2676000
b1111 :
1(
#2680000
0(
#2684000
b10000 :
1(
#2688000
0(
#2692000
b10001 :
1(
#2696000
0(
#2700000
b10010 :
1(
#2704000
0(
#2708000
b10011 :
1(
#2712000
0(
#2716000
19
b0 :
b10 &
b10 *
b0 D
b1 C
b11 '
b11 ,
1(
#2720000
0(
#2724000
b10 7
09
b1 :
1(
#2728000
0(
#2732000
b10 :
b10 8
1(
#2736000
0(
#2740000
b1000 $
b1000 +
b1000 -
b1000 B
b0 7
b11 4
b11 <
b11 :
b0 &
b0 *
1(
#2744000
0(
#2748000
b100 :
b0 8
1(
#2752000
0(
#2756000
b10 7
b101 :
b10 &
b10 *
b1 D
1(
#2760000
0(
#2764000
b110 :
b10 8
1(
#2768000
0(
#2772000
b111 :
1(
#2776000
0(
#2780000
b1000 :
b0 &
b0 *
1(
#2784000
0(
#2788000
b0 7
b1001 :
1(
#2792000
0(
#2796000
b1010 :
b0 8
b10 &
b10 *
b10 D
1(
#2800000
0(
#2804000
b10 7
b1011 :
1(
#2808000
0(
#2812000
b1100 :
b10 8
1(
#2816000
0(
#2820000
b0 7
b1101 :
b0 &
b0 *
1(
#2824000
0(
#2828000
b1110 :
b0 8
1(
#2832000
0(
#2836000
b10 7
b1111 :
b10 &
b10 *
b11 D
1(
#2840000
0(
#2844000
b10000 :
b10 8
1(
#2848000
0(
#2852000
b10001 :
1(
#2856000
0(
#2860000
b10010 :
b0 &
b0 *
1(
#2864000
0(
#2868000
b0 7
b10011 :
1(
#2872000
0(
#2876000
19
b0 :
b0 8
b10 &
b10 *
b100 D
1(
#2880000
0(
#2884000
b10 7
09
b1 :
1(
#2888000
0(
#2892000
b10 :
b10 8
1(
#2896000
0(
#2900000
b11 :
1(
#2904000
0(
#2908000
b100 :
1(
#2912000
0(
#2916000
b101 :
1(
#2920000
0(
#2924000
b110 :
1(
#2928000
0(
#2932000
b111 :
1(
#2936000
0(
#2940000
b1000 :
1(
#2944000
0(
#2948000
b1001 :
1(
#2952000
0(
#2956000
b1010 :
1(
#2960000
0(
#2964000
b1011 :
1(
#2968000
0(
#2972000
b1100 :
1(
#2976000
0(
#2980000
b1101 :
1(
#2984000
0(
#2988000
b1110 :
1(
#2992000
0(
#2996000
b1111 :
1(
#3000000
0(
#3004000
b10000 :
1(
#3008000
0(
#3012000
b10001 :
1(
#3016000
0(
#3020000
b10010 :
1(
#3024000
0(
#3028000
b10011 :
1(
#3032000
0(
#3036000
19
b0 :
1(
#3040000
0(
#3044000
09
b1 :
1(
#3048000
0(
#3052000
b10 :
1(
#3056000
0(
#3060000
b11 :
1(
#3064000
0(
#3068000
b100 :
1(
#3072000
0(
#3076000
b101 :
1(
#3080000
0(
#3084000
b110 :
1(
#3088000
0(
#3092000
b111 :
1(
#3096000
0(
#3100000
b1000 :
1(
#3104000
0(
#3108000
b1001 :
1(
#3112000
0(
#3116000
b1010 :
1(
#3120000
0(
#3124000
b1011 :
1(
#3128000
0(
#3132000
b1100 :
1(
#3136000
0(
#3140000
b1101 :
1(
#3144000
0(
#3148000
b1110 :
1(
#3152000
0(
#3156000
b1111 :
1(
#3160000
0(
#3164000
b10000 :
1(
#3168000
0(
#3172000
b10001 :
1(
#3176000
0(
#3180000
b10010 :
1(
#3184000
0(
#3188000
b10011 :
1(
#3192000
0(
#3196000
19
b0 :
1(
#3200000
0(
#3204000
09
b1 :
1(
#3208000
0(
#3212000
b10 :
1(
#3216000
0(
#3220000
b11 :
1(
#3224000
0(
#3228000
b100 :
1(
#3232000
0(
#3236000
b101 :
1(
#3240000
0(
#3244000
b110 :
1(
#3248000
0(
#3252000
b111 :
1(
#3256000
0(
#3260000
b1000 :
1(
#3264000
0(
#3268000
b1001 :
1(
#3272000
0(
#3276000
b1010 :
1(
#3280000
0(
#3284000
b1011 :
1(
#3288000
0(
#3292000
b1100 :
1(
#3296000
0(
#3300000
b1101 :
1(
#3304000
0(
#3308000
b1110 :
1(
#3312000
0(
#3316000
b1111 :
1(
#3320000
0(
#3324000
b10000 :
1(
#3328000
0(
#3332000
b10001 :
1(
#3336000
0(
#3340000
b10010 :
1(
#3344000
0(
#3348000
b10011 :
1(
#3352000
0(
#3356000
19
b0 :
1(
#3360000
0(
#3364000
09
b1 :
1(
#3368000
0(
#3372000
b10 :
1(
#3376000
0(
#3380000
b11 :
1(
#3384000
0(
#3388000
b100 :
1(
#3392000
0(
#3396000
b101 :
1(
#3400000
0(
#3404000
b110 :
1(
#3408000
0(
#3412000
b111 :
1(
#3416000
0(
#3420000
b1000 :
1(
#3424000
0(
#3428000
b1001 :
1(
#3432000
0(
#3436000
b1010 :
1(
#3440000
0(
#3444000
b1011 :
1(
#3448000
0(
#3452000
b1100 :
1(
#3456000
0(
#3460000
b1101 :
1(
#3464000
0(
#3468000
b1110 :
1(
#3472000
0(
#3476000
b1111 :
1(
#3480000
0(
#3484000
b10000 :
1(
#3488000
0(
#3492000
b10001 :
1(
#3496000
0(
#3500000
b10010 :
1(
#3504000
0(
#3508000
b10011 :
1(
#3512000
0(
#3516000
19
b0 :
1(
#3520000
0(
#3524000
09
b1 :
1(
#3528000
0(
#3532000
b10 :
1(
#3536000
0(
#3540000
b11 :
1(
#3544000
0(
#3548000
b100 :
1(
#3552000
0(
#3556000
b101 :
1(
#3560000
0(
#3564000
b110 :
1(
#3568000
0(
#3572000
b111 :
1(
#3576000
0(
#3580000
b1000 :
1(
#3584000
0(
#3588000
b1001 :
1(
#3592000
0(
#3596000
b1010 :
1(
#3600000
0(
#3604000
b1011 :
1(
#3608000
0(
#3612000
b1100 :
1(
#3616000
0(
#3620000
b1101 :
1(
#3624000
0(
#3628000
b1110 :
1(
#3632000
0(
#3636000
b1111 :
1(
#3640000
0(
#3644000
b10000 :
1(
#3648000
0(
#3652000
b10001 :
1(
#3656000
0(
#3660000
b10010 :
1(
#3664000
0(
#3668000
b10011 :
1(
#3672000
0(
#3676000
19
b0 :
b0 &
b0 *
b0 D
1(
#3680000
0(
#3684000
b0 7
09
b1 :
1(
#3688000
0(
#3692000
b10 :
b0 8
1(
#3696000
0(
#3700000
b10 7
b11 :
b10 &
b10 *
1(
#3704000
0(
#3708000
b100 :
b10 8
1(
#3712000
0(
#3716000
b0 7
b101 :
b0 &
b0 *
b1 D
1(
#3720000
0(
#3724000
b110 :
b0 8
1(
#3728000
0(
#3732000
b111 :
1(
#3736000
0(
#3740000
b1000 :
b10 &
b10 *
1(
#3744000
0(
#3748000
b10 7
b1001 :
1(
#3752000
0(
#3756000
b1010 :
b10 8
b0 &
b0 *
b10 D
1(
#3760000
0(
#3764000
b0 7
b1011 :
1(
#3768000
0(
#3772000
b1100 :
b0 8
1(
#3776000
0(
#3780000
b10 7
b1101 :
b10 &
b10 *
1(
#3784000
0(
#3788000
b1110 :
b10 8
1(
#3792000
0(
#3796000
b0 7
b1111 :
b0 &
b0 *
b11 D
1(
#3800000
0(
#3804000
b10000 :
b0 8
1(
#3808000
0(
#3812000
b10001 :
1(
#3816000
0(
#3820000
b10010 :
b10 &
b10 *
1(
#3824000
0(
#3828000
b10 7
b10011 :
1(
#3832000
0(
#3836000
19
b0 :
b10 8
b0 &
b0 *
b100 D
1(
#3840000
0(
#3844000
b0 7
09
b1 :
1(
#3848000
0(
#3852000
b10 :
b0 8
1(
#3856000
0(
#3860000
b11 :
1(
#3864000
0(
#3868000
b100 :
1(
#3872000
0(
#3876000
b101 :
1(
#3880000
0(
#3884000
b110 :
1(
#3888000
0(
#3892000
b111 :
1(
#3896000
0(
#3900000
b1000 :
1(
#3904000
0(
#3908000
b1001 :
1(
#3912000
0(
#3916000
b1010 :
1(
#3920000
0(
#3924000
b1011 :
1(
#3928000
0(
#3932000
b1100 :
1(
#3936000
0(
#3940000
b1101 :
1(
#3944000
0(
#3948000
b1110 :
1(
#3952000
0(
#3956000
b1111 :
1(
#3960000
0(
#3964000
b10000 :
1(
#3968000
0(
#3972000
b10001 :
1(
#3976000
0(
#3980000
b10010 :
1(
#3984000
0(
#3988000
b10011 :
1(
#3992000
0(
#3996000
19
b0 :
1(
#4000000
0(
#4004000
09
b1 :
1(
#4008000
0(
#4012000
b10 :
1(
#4016000
0(
#4020000
b11 :
1(
#4024000
0(
#4028000
b100 :
1(
#4032000
0(
#4036000
b101 :
1(
#4040000
0(
#4044000
b110 :
1(
#4048000
0(
#4052000
b111 :
1(
#4056000
0(
#4060000
b1000 :
1(
#4064000
0(
#4068000
b1001 :
1(
#4072000
0(
#4076000
b1010 :
1(
#4080000
0(
#4084000
b1011 :
1(
#4088000
0(
#4092000
b1100 :
1(
#4096000
0(
#4100000
b1101 :
1(
#4104000
0(
#4108000
b1110 :
1(
#4112000
0(
#4116000
b1111 :
1(
#4120000
0(
#4124000
b10000 :
1(
#4128000
0(
#4132000
b10001 :
1(
#4136000
0(
#4140000
b10010 :
1(
#4144000
0(
#4148000
b10011 :
1(
#4152000
0(
#4156000
19
b0 :
1(
#4160000
0(
#4164000
09
b1 :
1(
#4168000
0(
#4172000
b10 :
1(
#4176000
0(
#4180000
b11 :
1(
#4184000
0(
#4188000
b100 :
1(
#4192000
0(
#4196000
b101 :
1(
#4200000
0(
#4204000
b110 :
1(
#4208000
0(
#4212000
b111 :
1(
#4216000
0(
#4220000
b1000 :
1(
#4224000
0(
#4228000
b1001 :
1(
#4232000
0(
#4236000
b1010 :
1(
#4240000
0(
#4244000
b1011 :
1(
#4248000
0(
#4252000
b1100 :
1(
#4256000
0(
#4260000
b1101 :
1(
#4264000
0(
#4268000
b1110 :
1(
#4272000
0(
#4276000
b1111 :
1(
#4280000
0(
#4284000
b10000 :
1(
#4288000
0(
#4292000
b10001 :
1(
#4296000
0(
#4300000
b10010 :
1(
#4304000
0(
#4308000
b10011 :
1(
#4312000
0(
#4316000
19
b0 :
1(
#4320000
0(
#4324000
09
b1 :
1(
#4328000
0(
#4332000
b10 :
1(
#4336000
0(
#4340000
b11 :
1(
#4344000
0(
#4348000
b100 :
1(
#4352000
0(
#4356000
b101 :
1(
#4360000
0(
#4364000
b110 :
1(
#4368000
0(
#4372000
b111 :
1(
#4376000
0(
#4380000
b1000 :
1(
#4384000
0(
#4388000
b1001 :
1(
#4392000
0(
#4396000
b1010 :
1(
#4400000
0(
#4404000
b1011 :
1(
#4408000
0(
#4412000
b1100 :
1(
#4416000
0(
#4420000
b1101 :
1(
#4424000
0(
#4428000
b1110 :
1(
#4432000
0(
#4436000
b1111 :
1(
#4440000
0(
#4444000
b10000 :
1(
#4448000
0(
#4452000
b10001 :
1(
#4456000
0(
#4460000
b10010 :
1(
#4464000
0(
#4468000
b10011 :
1(
#4472000
0(
#4476000
19
b0 :
1(
#4480000
0(
#4484000
09
b1 :
1(
#4488000
0(
#4492000
b10 :
1(
#4496000
0(
#4500000
b11 :
1(
#4504000
0(
#4508000
b100 :
1(
#4512000
0(
#4516000
b101 :
1(
#4520000
0(
#4524000
b110 :
1(
#4528000
0(
#4532000
b111 :
1(
#4536000
0(
#4540000
b1000 :
1(
#4544000
0(
#4548000
b1001 :
1(
#4552000
0(
#4556000
b1010 :
1(
#4560000
0(
#4564000
b1011 :
1(
#4568000
0(
#4572000
b1100 :
1(
#4576000
0(
#4580000
b1101 :
1(
#4584000
0(
#4588000
b1110 :
1(
#4592000
0(
#4596000
b1111 :
1(
#4600000
0(
#4604000
b10000 :
1(
#4608000
0(
#4612000
b10001 :
1(
#4616000
0(
#4620000
b10010 :
1(
#4624000
0(
#4628000
b10011 :
1(
#4632000
0(
#4636000
19
b0 :
b1111 '
b1111 ,
1(
#4640000
0(
#4644000
09
b1 :
1(
#4648000
0(
#4652000
b10 :
1(
#4656000
0(
#4660000
b11 :
1(
#4664000
0(
#4668000
b100 :
1(
#4672000
0(
#4676000
b101 :
1(
#4680000
0(
#4684000
b110 :
1(
#4688000
0(
#4692000
b111 :
1(
#4696000
0(
#4700000
b1000 :
1(
#4704000
0(
#4708000
b1001 :
1(
#4712000
0(
#4716000
b1010 :
1(
#4720000
0(
#4724000
b1011 :
1(
#4728000
0(
#4732000
b1100 :
1(
#4736000
0(
#4740000
b1101 :
1(
#4744000
0(
#4748000
b1110 :
1(
#4752000
0(
#4756000
b1111 :
1(
#4760000
0(
#4764000
b10000 :
1(
#4768000
0(
#4772000
b10001 :
1(
#4776000
0(
#4780000
b10010 :
1(
#4784000
0(
#4788000
b10011 :
1(
#4792000
0(
#4796000
19
b0 :
1(
#4800000
0(
#4804000
09
b1 :
1(
#4808000
0(
#4812000
b10 :
1(
#4816000
0(
#4820000
b11 :
1(
#4824000
0(
#4828000
b100 :
1(
#4832000
0(
#4836000
b101 :
1(
#4840000
0(
#4844000
b110 :
1(
#4848000
0(
#4852000
b111 :
1(
#4856000
0(
#4860000
b1000 :
1(
#4864000
0(
#4868000
b1001 :
1(
#4872000
0(
#4876000
b1010 :
1(
#4880000
0(
#4884000
b1011 :
1(
#4888000
0(
#4892000
b1100 :
1(
#4896000
0(
#4900000
b1101 :
1(
#4904000
0(
#4908000
b1110 :
1(
#4912000
0(
#4916000
b1111 :
1(
#4920000
0(
#4924000
b10000 :
1(
#4928000
0(
#4932000
b10001 :
1(
#4936000
0(
#4940000
b10010 :
1(
#4944000
0(
#4948000
b10011 :
1(
#4952000
0(
#4956000
19
b0 :
1(
#4960000
0(
#4964000
09
b1 :
1(
#4968000
0(
#4972000
b10 :
1(
#4976000
0(
#4980000
b11 :
1(
#4984000
0(
#4988000
b100 :
1(
#4992000
0(
#4996000
b101 :
1(
#5000000
0(
#5004000
b110 :
1(
#5008000
0(
#5012000
b111 :
1(
#5016000
0(
#5020000
b1000 :
1(
#5024000
0(
#5028000
b1001 :
1(
#5032000
0(
#5036000
b1010 :
1(
#5040000
0(
#5044000
b1011 :
1(
#5048000
0(
#5052000
b1100 :
1(
#5056000
0(
#5060000
b1101 :
1(
#5064000
0(
#5068000
b1110 :
1(
#5072000
0(
#5076000
b1111 :
1(
#5080000
0(
#5084000
b10000 :
1(
#5088000
0(
#5092000
b10001 :
1(
#5096000
0(
#5100000
b10010 :
1(
#5104000
0(
#5108000
b10011 :
1(
#5112000
0(
#5116000
19
b0 :
1(
#5120000
0(
#5124000
09
b1 :
1(
#5128000
0(
#5132000
b10 :
1(
#5136000
0(
#5140000
b11 :
1(
#5144000
0(
#5148000
b100 :
1(
#5152000
0(
#5156000
b101 :
1(
#5160000
0(
#5164000
b110 :
1(
#5168000
0(
#5172000
b111 :
1(
#5176000
0(
#5180000
b1000 :
1(
#5184000
0(
#5188000
b1001 :
1(
#5192000
0(
#5196000
b1010 :
1(
#5200000
0(
#5204000
b1011 :
1(
#5208000
0(
#5212000
b1100 :
1(
#5216000
0(
#5220000
b1101 :
1(
#5224000
0(
#5228000
b1110 :
1(
#5232000
0(
#5236000
b1111 :
1(
#5240000
0(
#5244000
b10000 :
1(
#5248000
0(
#5252000
b10001 :
1(
#5256000
0(
#5260000
b10010 :
1(
#5264000
0(
#5268000
b10011 :
1(
#5272000
0(
#5276000
19
b0 :
1(
#5280000
0(
#5284000
09
b1 :
1(
#5288000
0(
#5292000
b10 :
1(
#5296000
0(
#5300000
b11 :
1(
#5304000
0(
#5308000
b100 :
1(
#5312000
0(
#5316000
b101 :
1(
#5320000
0(
#5324000
b110 :
1(
#5328000
0(
#5332000
b111 :
1(
#5336000
0(
#5340000
b1000 :
1(
#5344000
0(
#5348000
b1001 :
1(
#5352000
0(
#5356000
b1010 :
1(
#5360000
0(
#5364000
b1011 :
1(
#5368000
0(
#5372000
b1100 :
1(
#5376000
0(
#5380000
b1101 :
1(
#5384000
0(
#5388000
b1110 :
1(
#5392000
0(
#5396000
b1111 :
1(
#5400000
0(
#5404000
b10000 :
1(
#5408000
0(
#5412000
b10001 :
1(
#5416000
0(
#5420000
b10010 :
1(
#5424000
0(
#5428000
b10011 :
1(
#5432000
0(
#5436000
19
b0 :
b100 &
b100 *
b0 D
b10 C
b10 J
b1000 I
b0 G
b11 F
b101 E
b10100110101010101001101010000010010000000100000001101010010101100110011001000000010000000100000001000000010000000100000 H
1(
#5440000
0(
#5444000
b100 7
09
b1 :
1(
#5448000
0(
#5452000
b10 :
b100 8
1(
#5456000
0(
#5460000
b0 7
b11 :
b0 &
b0 *
1(
#5464000
0(
#5468000
b100 :
b0 8
1(
#5472000
0(
#5476000
b100 7
b101 :
b100 &
b100 *
b1 D
1(
#5480000
0(
#5484000
b110 :
b100 8
1(
#5488000
0(
#5492000
b111 :
1(
#5496000
0(
#5500000
b1000 :
b0 &
b0 *
1(
#5504000
0(
#5508000
b0 7
b1001 :
1(
#5512000
0(
#5516000
b1010 :
b0 8
b100 &
b100 *
b10 D
1(
#5520000
0(
#5524000
b100 7
b1011 :
1(
#5528000
0(
#5532000
b1100 :
b100 8
1(
#5536000
0(
#5540000
b0 7
b1101 :
b0 &
b0 *
1(
#5544000
0(
#5548000
b1110 :
b0 8
1(
#5552000
0(
#5556000
b100 7
b1111 :
b100 &
b100 *
b11 D
1(
#5560000
0(
#5564000
b10000 :
b100 8
1(
#5568000
0(
#5572000
b10001 :
1(
#5576000
0(
#5580000
b10010 :
b0 &
b0 *
1(
#5584000
0(
#5588000
b0 7
b10011 :
1(
#5592000
0(
#5596000
19
b0 :
b0 8
b100 &
b100 *
b100 D
1(
#5600000
0(
#5604000
b100 7
09
b1 :
1(
#5608000
0(
#5612000
b10 :
b100 8
1(
#5616000
0(
#5620000
b11 :
1(
#5624000
0(
#5628000
b100 :
1(
#5632000
0(
#5636000
b101 :
1(
#5640000
0(
#5644000
b110 :
1(
#5648000
0(
#5652000
b111 :
1(
#5656000
0(
#5660000
b1000 :
1(
#5664000
0(
#5668000
b1001 :
1(
#5672000
0(
#5676000
b1010 :
1(
#5680000
0(
#5684000
b1011 :
1(
#5688000
0(
#5692000
b1100 :
1(
#5696000
0(
#5700000
b1101 :
1(
#5704000
0(
#5708000
b1110 :
1(
#5712000
0(
#5716000
b1111 :
1(
#5720000
0(
#5724000
b10000 :
1(
#5728000
0(
#5732000
b10001 :
1(
#5736000
0(
#5740000
b10010 :
1(
#5744000
0(
#5748000
b10011 :
1(
#5752000
0(
#5756000
19
b0 :
1(
#5760000
0(
#5764000
b10 $
b10 +
b10 -
b10 B
1!
0"
09
b1 :
b1 6
b1 5
b1 =
1(
#5768000
0(
#5772000
b10 :
1(
#5776000
0(
#5780000
b11 :
1(
#5784000
0(
#5788000
b100 :
1(
#5792000
0(
#5796000
b101 :
1(
#5800000
0(
#5804000
b110 :
1(
#5808000
0(
#5812000
b111 :
1(
#5816000
0(
#5820000
b1000 :
1(
#5824000
0(
#5828000
b1001 :
1(
#5832000
0(
#5836000
b1010 :
1(
#5840000
0(
#5844000
b1011 :
1(
#5848000
0(
#5852000
b1100 :
1(
#5856000
0(
#5860000
b1101 :
1(
#5864000
0(
#5868000
b1110 :
1(
#5872000
0(
#5876000
b1111 :
1(
#5880000
0(
#5884000
b10000 :
1(
#5888000
0(
#5892000
b10001 :
1(
#5896000
0(
#5900000
b10010 :
1(
#5904000
0(
#5908000
b10011 :
1(
#5912000
0(
#5916000
19
b0 :
1(
#5920000
0(
#5924000
09
b1 :
1(
#5928000
0(
#5932000
b10 :
1(
#5936000
0(
#5940000
b11 :
1(
#5944000
0(
#5948000
b100 :
1(
#5952000
0(
#5956000
b101 :
1(
#5960000
0(
#5964000
b110 :
1(
#5968000
0(
#5972000
b111 :
1(
#5976000
0(
#5980000
b1000 :
1(
#5984000
0(
#5988000
b1001 :
1(
#5992000
0(
#5996000
b1010 :
1(
#6000000
0(
#6004000
b1011 :
1(
#6008000
0(
#6012000
b1100 :
1(
#6016000
0(
#6020000
b1101 :
1(
#6024000
0(
#6028000
b1110 :
1(
#6032000
0(
#6036000
b1111 :
1(
#6040000
0(
#6044000
b10000 :
1(
#6048000
0(
#6052000
b10001 :
1(
#6056000
0(
#6060000
b10010 :
1(
#6064000
0(
#6068000
b10011 :
1(
#6072000
0(
#6076000
19
b0 :
1(
#6080000
0(
#6084000
09
b1 :
1(
#6088000
0(
#6092000
b10 :
1(
#6096000
0(
#6100000
b11 :
1(
#6104000
0(
#6108000
b100 :
1(
#6112000
0(
#6116000
b101 :
1(
#6120000
0(
#6124000
b110 :
1(
#6128000
0(
#6132000
b111 :
1(
#6136000
0(
#6140000
b1000 :
1(
#6144000
0(
#6148000
b1001 :
1(
#6152000
0(
#6156000
b1010 :
1(
#6160000
0(
#6164000
b1011 :
1(
#6168000
0(
#6172000
b1100 :
1(
#6176000
0(
#6180000
b1101 :
1(
#6184000
0(
#6188000
b1110 :
1(
#6192000
0(
#6196000
b1111 :
1(
#6200000
0(
#6204000
b10000 :
1(
#6208000
0(
#6212000
b10001 :
1(
#6216000
0(
#6220000
b10010 :
1(
#6224000
0(
#6228000
b10011 :
1(
#6232000
0(
#6236000
19
b0 :
1(
#6240000
0(
#6244000
09
b1 :
1(
#6248000
0(
#6252000
b10 :
1(
#6256000
0(
#6260000
b11 :
1(
#6264000
0(
#6268000
b100 :
1(
#6272000
0(
#6276000
b101 :
1(
#6280000
0(
#6284000
b110 :
1(
#6288000
0(
#6292000
b111 :
1(
#6296000
0(
#6300000
b1000 :
1(
#6304000
0(
#6308000
b1001 :
1(
#6312000
0(
#6316000
b1010 :
1(
#6320000
0(
#6324000
b1011 :
1(
#6328000
0(
#6332000
b1100 :
1(
#6336000
0(
#6340000
b1101 :
1(
#6344000
0(
#6348000
b1110 :
1(
#6352000
0(
#6356000
b1111 :
1(
#6360000
0(
#6364000
b10000 :
1(
#6368000
0(
#6372000
b10001 :
1(
#6376000
0(
#6380000
b10010 :
1(
#6384000
0(
#6388000
b10011 :
1(
#6392000
0(
#6396000
19
b0 :
b0 &
b0 *
b0 D
1(
#6400000
0(
#6404000
b0 7
09
b1 :
1(
#6408000
0(
#6412000
b10 :
b0 8
1(
#6416000
0(
#6420000
b100 7
b11 :
b100 &
b100 *
1(
#6424000
0(
#6428000
b100 :
b100 8
1(
#6432000
0(
#6436000
b0 7
b101 :
b0 &
b0 *
b1 D
1(
#6440000
0(
#6444000
b110 :
b0 8
1(
#6448000
0(
#6452000
b111 :
1(
#6456000
0(
#6460000
b1000 :
b100 &
b100 *
1(
#6464000
0(
#6468000
b100 7
b1001 :
1(
#6472000
0(
#6476000
b1010 :
b100 8
b0 &
b0 *
b10 D
1(
#6480000
0(
#6484000
b0 7
b1011 :
1(
#6488000
0(
#6492000
b1100 :
b0 8
1(
#6496000
0(
#6500000
b100 7
b1101 :
b100 &
b100 *
1(
#6504000
0(
#6508000
b1110 :
b100 8
1(
#6512000
0(
#6516000
b0 7
b1111 :
b0 &
b0 *
b11 D
1(
#6520000
0(
#6524000
b10000 :
b0 8
1(
#6528000
0(
#6532000
b10001 :
1(
#6536000
0(
#6540000
b10010 :
b100 &
b100 *
1(
#6544000
0(
#6548000
b100 7
b10011 :
1(
#6552000
0(
#6556000
19
b0 :
b100 8
b0 &
b0 *
b100 D
1(
#6560000
0(
#6564000
b0 7
09
b1 :
1(
#6568000
0(
#6572000
b10 :
b0 8
1(
#6576000
0(
#6580000
b11 :
1(
#6584000
0(
#6588000
b100 :
1(
#6592000
0(
#6596000
b101 :
1(
#6600000
0(
#6604000
b110 :
1(
#6608000
0(
#6612000
b111 :
1(
#6616000
0(
#6620000
b1000 :
1(
#6624000
0(
#6628000
b1001 :
1(
#6632000
0(
#6636000
b1010 :
1(
#6640000
0(
#6644000
b1011 :
1(
#6648000
0(
#6652000
b1100 :
1(
#6656000
0(
#6660000
b1101 :
1(
#6664000
0(
#6668000
b1110 :
1(
#6672000
0(
#6676000
b1111 :
1(
#6680000
0(
#6684000
b10000 :
1(
#6688000
0(
#6692000
b10001 :
1(
#6696000
0(
#6700000
b10010 :
1(
#6704000
0(
#6708000
b10011 :
1(
#6712000
0(
#6716000
19
b0 :
1(
#6720000
0(
#6724000
09
b1 :
b0 6
1(
#6728000
0(
#6732000
b10 :
1(
#6736000
0(
#6740000
b11 :
1(
#6744000
0(
#6748000
b100 :
1(
#6752000
0(
#6756000
b101 :
1(
#6760000
0(
#6764000
b110 :
1(
#6768000
0(
#6772000
b111 :
1(
#6776000
0(
#6780000
b1000 :
1(
#6784000
0(
#6788000
b1001 :
1(
#6792000
0(
#6796000
b1010 :
1(
#6800000
0(
#6804000
b1011 :
1(
#6808000
0(
#6812000
b1100 :
1(
#6816000
0(
#6820000
b1101 :
1(
#6824000
0(
#6828000
b1110 :
1(
#6832000
0(
#6836000
b1111 :
1(
#6840000
0(
#6844000
b10000 :
1(
#6848000
0(
#6852000
b10001 :
1(
#6856000
0(
#6860000
b10010 :
1(
#6864000
0(
#6868000
b10011 :
1(
#6872000
0(
#6876000
19
b0 :
1(
#6880000
0(
#6884000
09
b1 :
1(
#6888000
0(
#6892000
b10 :
1(
#6896000
0(
#6900000
b11 :
1(
#6904000
0(
#6908000
b100 :
1(
#6912000
0(
#6916000
b101 :
1(
#6920000
0(
#6924000
b110 :
1(
#6928000
0(
#6932000
b111 :
1(
#6936000
0(
#6940000
b1000 :
1(
#6944000
0(
#6948000
b1001 :
1(
#6952000
0(
#6956000
b1010 :
1(
#6960000
0(
#6964000
b1011 :
1(
#6968000
0(
#6972000
b1100 :
1(
#6976000
0(
#6980000
b1101 :
1(
#6984000
0(
#6988000
b1110 :
1(
#6992000
0(
#6996000
b1111 :
1(
#7000000
0(
#7004000
b10000 :
1(
#7008000
0(
#7012000
b10001 :
1(
#7016000
0(
#7020000
b10010 :
1(
#7024000
0(
#7028000
b10011 :
1(
#7032000
0(
#7036000
19
b0 :
1(
#7040000
0(
#7044000
09
b1 :
1(
#7048000
0(
#7052000
b10 :
1(
#7056000
0(
#7060000
b11 :
1(
#7064000
0(
#7068000
b100 :
1(
#7072000
0(
#7076000
b101 :
1(
#7080000
0(
#7084000
b110 :
1(
#7088000
0(
#7092000
b111 :
1(
#7096000
0(
#7100000
b1000 :
1(
#7104000
0(
#7108000
b1001 :
1(
#7112000
0(
#7116000
b1010 :
1(
#7120000
0(
#7124000
b1011 :
1(
#7128000
0(
#7132000
b1100 :
1(
#7136000
0(
#7140000
b1101 :
1(
#7144000
0(
#7148000
b1110 :
1(
#7152000
0(
#7156000
b1111 :
1(
#7160000
0(
#7164000
b10000 :
1(
#7168000
0(
#7172000
b10001 :
1(
#7176000
0(
#7180000
b10010 :
1(
#7184000
0(
#7188000
b10011 :
1(
#7192000
0(
#7196000
19
b0 :
1(
#7200000
0(
#7204000
09
b1 :
1(
#7208000
0(
#7212000
b10 :
1(
#7216000
0(
#7220000
b11 :
1(
#7224000
0(
#7228000
b100 :
1(
#7232000
0(
#7236000
b101 :
1(
#7240000
0(
#7244000
b110 :
1(
#7248000
0(
#7252000
b111 :
1(
#7256000
0(
#7260000
b1000 :
1(
#7264000
0(
#7268000
b1001 :
1(
#7272000
0(
#7276000
b1010 :
1(
#7280000
0(
#7284000
b1011 :
1(
#7288000
0(
#7292000
b1100 :
1(
#7296000
0(
#7300000
b1101 :
1(
#7304000
0(
#7308000
b1110 :
1(
#7312000
0(
#7316000
b1111 :
1(
#7320000
0(
#7324000
b10000 :
1(
#7328000
0(
#7332000
b10001 :
1(
#7336000
0(
#7340000
b10010 :
1(
#7344000
0(
#7348000
b10011 :
1(
#7352000
0(
#7356000
19
b0 :
b1000 &
b1000 *
b0 D
b11 C
b100 J
b10 I
b1 G
b10100100100010101010011010101000100000100100000001101010010110100110011001000000010000000100000001000000010000000100000 H
1(
#7360000
0(
#7364000
b1000 7
09
b1 :
1(
#7368000
0(
#7372000
b10 :
b1000 8
1(
#7376000
0(
#7380000
b0 7
b11 :
b0 &
b0 *
1(
#7384000
0(
#7388000
b100 :
b0 8
1(
#7392000
0(
#7396000
b1000 7
b101 :
b1000 &
b1000 *
b1 D
1(
#7400000
0(
#7404000
b110 :
b1000 8
1(
#7408000
0(
#7412000
b111 :
1(
#7416000
0(
#7420000
b1000 :
b0 &
b0 *
1(
#7424000
0(
#7428000
b0 7
b1001 :
1(
#7432000
0(
#7436000
b1010 :
b0 8
b1000 &
b1000 *
b10 D
1(
#7440000
0(
#7444000
b1000 7
b1011 :
1(
#7448000
0(
#7452000
b1100 :
b1000 8
1(
#7456000
0(
#7460000
b0 7
b1101 :
b0 &
b0 *
1(
#7464000
0(
#7468000
b1110 :
b0 8
1(
#7472000
0(
#7476000
b1000 7
b1111 :
b1000 &
b1000 *
b11 D
1(
#7480000
0(
#7484000
b10000 :
b1000 8
1(
#7488000
0(
#7492000
b10001 :
1(
#7496000
0(
#7500000
b10010 :
b0 &
b0 *
1(
#7504000
0(
#7508000
b0 7
b10011 :
1(
#7512000
0(
#7516000
19
b0 :
b0 8
b1000 &
b1000 *
b100 D
1(
#7520000
0(
#7524000
b1000 7
09
b1 :
1(
#7528000
0(
#7532000
b10 :
b1000 8
1(
#7536000
0(
#7540000
b11 :
1(
#7544000
0(
#7548000
b100 :
1(
#7552000
0(
#7556000
b101 :
1(
#7560000
0(
#7564000
b110 :
1(
#7568000
0(
#7572000
b111 :
1(
#7576000
0(
#7580000
b1000 :
1(
#7584000
0(
#7588000
b1001 :
1(
#7592000
0(
#7596000
b1010 :
1(
#7600000
0(
#7604000
b1011 :
1(
#7608000
0(
#7612000
b1100 :
1(
#7616000
0(
#7620000
b1101 :
1(
#7624000
0(
#7628000
b1110 :
1(
#7632000
0(
#7636000
b1111 :
1(
#7640000
0(
#7644000
b10000 :
1(
#7648000
0(
#7652000
b10001 :
1(
#7656000
0(
#7660000
b10010 :
1(
#7664000
0(
#7668000
b10011 :
1(
#7672000
0(
#7676000
19
b0 :
1(
#7680000
0(
#7684000
b111 $
b111 +
b111 -
b111 B
0!
1"
1#
09
b1 :
b10 6
b11 5
b11 =
1(
#7688000
0(
#7692000
b10 :
1(
#7696000
0(
#7700000
b11 :
1(
#7704000
0(
#7708000
b100 :
1(
#7712000
0(
#7716000
b101 :
1(
#7720000
0(
#7724000
b110 :
1(
#7728000
0(
#7732000
b111 :
1(
#7736000
0(
#7740000
b1000 :
1(
#7744000
0(
#7748000
b1001 :
1(
#7752000
0(
#7756000
b1010 :
1(
#7760000
0(
#7764000
b1011 :
1(
#7768000
0(
#7772000
b1100 :
1(
#7776000
0(
#7780000
b1101 :
1(
#7784000
0(
#7788000
b1110 :
1(
#7792000
0(
#7796000
b1111 :
1(
#7800000
0(
#7804000
b10000 :
1(
#7808000
0(
#7812000
b10001 :
1(
#7816000
0(
#7820000
b10010 :
1(
#7824000
0(
#7828000
b10011 :
1(
#7832000
0(
#7836000
19
b0 :
1(
#7840000
0(
#7844000
09
b1 :
1(
#7848000
0(
#7852000
b10 :
1(
#7856000
0(
#7860000
b11 :
1(
#7864000
0(
#7868000
b100 :
1(
#7872000
0(
#7876000
b101 :
1(
#7880000
0(
#7884000
b110 :
1(
#7888000
0(
#7892000
b111 :
1(
#7896000
0(
#7900000
b1000 :
1(
#7904000
0(
#7908000
b1001 :
1(
#7912000
0(
#7916000
b1010 :
1(
#7920000
0(
#7924000
b1011 :
1(
#7928000
0(
#7932000
b1100 :
1(
#7936000
0(
#7940000
b1101 :
1(
#7944000
0(
#7948000
b1110 :
1(
#7952000
0(
#7956000
b1111 :
1(
#7960000
0(
#7964000
b10000 :
1(
#7968000
0(
#7972000
b10001 :
1(
#7976000
0(
#7980000
b10010 :
1(
#7984000
0(
#7988000
b10011 :
1(
#7992000
0(
#7996000
19
b0 :
1(
#8000000
0(
#8004000
09
b1 :
1(
#8008000
0(
#8012000
b10 :
1(
#8016000
0(
#8020000
b11 :
1(
#8024000
0(
#8028000
b100 :
1(
#8032000
0(
#8036000
b101 :
1(
#8040000
0(
#8044000
b110 :
1(
#8048000
0(
#8052000
b111 :
1(
#8056000
0(
#8060000
b1000 :
1(
#8064000
0(
#8068000
b1001 :
1(
#8072000
0(
#8076000
b1010 :
1(
#8080000
0(
#8084000
b1011 :
1(
#8088000
0(
#8092000
b1100 :
1(
#8096000
0(
#8100000
b1101 :
1(
#8104000
0(
#8108000
b1110 :
1(
#8112000
0(
#8116000
b1111 :
1(
#8120000
0(
#8124000
b10000 :
1(
#8128000
0(
#8132000
b10001 :
1(
#8136000
0(
#8140000
b10010 :
1(
#8144000
0(
#8148000
b10011 :
1(
#8152000
0(
#8156000
19
b0 :
1(
#8160000
0(
#8164000
09
b1 :
1(
#8168000
0(
#8172000
b10 :
1(
#8176000
0(
#8180000
b11 :
1(
#8184000
0(
#8188000
b100 :
1(
#8192000
0(
#8196000
b101 :
1(
#8200000
0(
#8204000
b110 :
1(
#8208000
0(
#8212000
b111 :
1(
#8216000
0(
#8220000
b1000 :
1(
#8224000
0(
#8228000
b1001 :
1(
#8232000
0(
#8236000
b1010 :
1(
#8240000
0(
#8244000
b1011 :
1(
#8248000
0(
#8252000
b1100 :
1(
#8256000
0(
#8260000
b1101 :
1(
#8264000
0(
#8268000
b1110 :
1(
#8272000
0(
#8276000
b1111 :
1(
#8280000
0(
#8284000
b10000 :
1(
#8288000
0(
#8292000
b10001 :
1(
#8296000
0(
#8300000
b10010 :
1(
#8304000
0(
#8308000
b10011 :
1(
#8312000
0(
#8316000
19
b0 :
b0 &
b0 *
b0 D
1(
#8320000
0(
#8324000
b0 7
09
b1 :
1(
#8328000
0(
#8332000
b10 :
b0 8
1(
#8336000
0(
#8340000
b1000 7
b11 :
b1000 &
b1000 *
1(
#8344000
0(
#8348000
b100 :
b1000 8
1(
#8352000
0(
#8356000
b0 7
b101 :
b0 &
b0 *
b1 D
1(
#8360000
0(
#8364000
b110 :
b0 8
1(
#8368000
0(
#8372000
b111 :
1(
#8376000
0(
#8380000
b1000 :
b1000 &
b1000 *
1(
#8384000
0(
#8388000
b1000 7
b1001 :
1(
#8392000
0(
#8396000
b1010 :
b1000 8
b0 &
b0 *
b10 D
1(
#8400000
0(
#8404000
b0 7
b1011 :
1(
#8408000
0(
#8412000
b1100 :
b0 8
1(
#8416000
0(
#8420000
b1000 7
b1101 :
b1000 &
b1000 *
1(
#8424000
0(
#8428000
b1110 :
b1000 8
1(
#8432000
0(
#8436000
b0 7
b1111 :
b0 &
b0 *
b11 D
1(
#8440000
0(
#8444000
b10000 :
b0 8
1(
#8448000
0(
#8452000
b10001 :
1(
#8456000
0(
#8460000
b10010 :
b1000 &
b1000 *
1(
#8464000
0(
#8468000
b1000 7
b10011 :
1(
#8472000
0(
#8476000
19
b0 :
b1000 8
b0 &
b0 *
b100 D
1(
#8480000
0(
#8484000
b0 7
09
b1 :
1(
#8488000
0(
#8492000
b10 :
b0 8
1(
#8496000
0(
#8500000
b11 :
1(
#8504000
0(
#8508000
b100 :
1(
#8512000
0(
#8516000
b101 :
1(
#8520000
0(
#8524000
b110 :
1(
#8528000
0(
#8532000
b111 :
1(
#8536000
0(
#8540000
b1000 :
1(
#8544000
0(
#8548000
b1001 :
1(
#8552000
0(
#8556000
b1010 :
1(
#8560000
0(
#8564000
b1011 :
1(
#8568000
0(
#8572000
b1100 :
1(
#8576000
0(
#8580000
b1101 :
1(
#8584000
0(
#8588000
b1110 :
1(
#8592000
0(
#8596000
b1111 :
1(
#8600000
0(
#8604000
b10000 :
1(
#8608000
0(
#8612000
b10001 :
1(
#8616000
0(
#8620000
b10010 :
1(
#8624000
0(
#8628000
b10011 :
1(
#8632000
0(
#8636000
19
b0 :
1(
#8640000
0(
#8644000
09
b1 :
b0 6
1(
#8648000
0(
#8652000
b10 :
1(
#8656000
0(
#8660000
b11 :
1(
#8664000
0(
#8668000
b100 :
1(
#8672000
0(
#8676000
b101 :
1(
#8680000
0(
#8684000
b110 :
1(
#8688000
0(
#8692000
b111 :
1(
#8696000
0(
#8700000
b1000 :
1(
#8704000
0(
#8708000
b1001 :
1(
#8712000
0(
#8716000
b1010 :
1(
#8720000
0(
#8724000
b1011 :
1(
#8728000
0(
#8732000
b1100 :
1(
#8736000
0(
#8740000
b1101 :
1(
#8744000
0(
#8748000
b1110 :
1(
#8752000
0(
#8756000
b1111 :
1(
#8760000
0(
#8764000
b10000 :
1(
#8768000
0(
#8772000
b10001 :
1(
#8776000
0(
#8780000
b10010 :
1(
#8784000
0(
#8788000
b10011 :
1(
#8792000
0(
#8796000
19
b0 :
1(
#8800000
0(
#8804000
09
b1 :
1(
#8808000
0(
#8812000
b10 :
1(
#8816000
0(
#8820000
b11 :
1(
#8824000
0(
#8828000
b100 :
1(
#8832000
0(
#8836000
b101 :
1(
#8840000
0(
#8844000
b110 :
1(
#8848000
0(
#8852000
b111 :
1(
#8856000
0(
#8860000
b1000 :
1(
#8864000
0(
#8868000
b1001 :
1(
#8872000
0(
#8876000
b1010 :
1(
#8880000
0(
#8884000
b1011 :
1(
#8888000
0(
#8892000
b1100 :
1(
#8896000
0(
#8900000
b1101 :
1(
#8904000
0(
#8908000
b1110 :
1(
#8912000
0(
#8916000
b1111 :
1(
#8920000
0(
#8924000
b10000 :
1(
#8928000
0(
#8932000
b10001 :
1(
#8936000
0(
#8940000
b10010 :
1(
#8944000
0(
#8948000
b10011 :
1(
#8952000
0(
#8956000
19
b0 :
1(
#8960000
0(
#8964000
09
b1 :
1(
#8968000
0(
#8972000
b10 :
1(
#8976000
0(
#8980000
b11 :
1(
#8984000
0(
#8988000
b100 :
1(
#8992000
0(
#8996000
b101 :
1(
#9000000
0(
#9004000
b110 :
1(
#9008000
0(
#9012000
b111 :
1(
#9016000
0(
#9020000
b1000 :
1(
#9024000
0(
#9028000
b1001 :
1(
#9032000
0(
#9036000
b1010 :
1(
#9040000
0(
#9044000
b1011 :
1(
#9048000
0(
#9052000
b1100 :
1(
#9056000
0(
#9060000
b1101 :
1(
#9064000
0(
#9068000
b1110 :
1(
#9072000
0(
#9076000
b1111 :
1(
#9080000
0(
#9084000
b10000 :
1(
#9088000
0(
#9092000
b10001 :
1(
#9096000
0(
#9100000
b10010 :
1(
#9104000
0(
#9108000
b10011 :
1(
#9112000
0(
#9116000
19
b0 :
1(
#9120000
0(
#9124000
09
b1 :
1(
#9128000
0(
#9132000
b10 :
1(
#9136000
0(
#9140000
b11 :
1(
#9144000
0(
#9148000
b100 :
1(
#9152000
0(
#9156000
b101 :
1(
#9160000
0(
#9164000
b110 :
1(
#9168000
0(
#9172000
b111 :
1(
#9176000
0(
#9180000
b1000 :
1(
#9184000
0(
#9188000
b1001 :
1(
#9192000
0(
#9196000
b1010 :
1(
#9200000
0(
#9204000
b1011 :
1(
#9208000
0(
#9212000
b1100 :
1(
#9216000
0(
#9220000
b1101 :
1(
#9224000
0(
#9228000
b1110 :
1(
#9232000
0(
#9236000
b1111 :
1(
#9240000
0(
#9244000
b10000 :
1(
#9248000
0(
#9252000
b10001 :
1(
#9256000
0(
#9260000
b10010 :
1(
#9264000
0(
#9268000
b10011 :
1(
#9272000
0(
#9276000
19
b0 :
b100 &
b100 *
b0 D
b10 C
b11 J
b111 I
b11 G
b10011110101001000100000001000000010000000100000001101010111110000110011001000000010000000100000001000000010000000100000 H
1(
#9280000
0(
#9284000
b100 7
09
b1 :
1(
#9288000
0(
#9292000
b10 :
b100 8
1(
#9296000
0(
#9300000
b0 7
b11 :
b0 &
b0 *
1(
#9304000
0(
#9308000
b100 :
b0 8
1(
#9312000
0(
#9316000
b100 7
b101 :
b100 &
b100 *
b1 D
1(
#9320000
0(
#9324000
b110 :
b100 8
1(
#9328000
0(
#9332000
b111 :
1(
#9336000
0(
#9340000
b1000 :
b0 &
b0 *
1(
#9344000
0(
#9348000
b0 7
b1001 :
1(
#9352000
0(
#9356000
b1010 :
b0 8
b100 &
b100 *
b10 D
1(
#9360000
0(
#9364000
b100 7
b1011 :
1(
#9368000
0(
#9372000
b1100 :
b100 8
1(
#9376000
0(
#9380000
b0 7
b1101 :
b0 &
b0 *
1(
#9384000
0(
#9388000
b1110 :
b0 8
1(
#9392000
0(
#9396000
b100 7
b1111 :
b100 &
b100 *
b11 D
1(
#9400000
0(
#9404000
b10000 :
b100 8
1(
#9408000
0(
#9412000
b10001 :
1(
#9416000
0(
#9420000
b10010 :
b0 &
b0 *
1(
#9424000
0(
#9428000
b0 7
b10011 :
1(
#9432000
0(
#9436000
19
b0 :
b0 8
b100 &
b100 *
b100 D
1(
#9440000
0(
#9444000
b100 7
09
b1 :
1(
#9448000
0(
#9452000
b10 :
b100 8
1(
#9456000
0(
#9460000
b11 :
1(
#9464000
0(
#9468000
b100 :
1(
#9472000
0(
#9476000
b101 :
1(
#9480000
0(
#9484000
b110 :
1(
#9488000
0(
#9492000
b111 :
1(
#9496000
0(
#9500000
b1000 :
1(
#9504000
0(
#9508000
b1001 :
1(
#9512000
0(
#9516000
b1010 :
1(
#9520000
0(
#9524000
b1011 :
1(
#9528000
0(
#9532000
b1100 :
1(
#9536000
0(
#9540000
b1101 :
1(
#9544000
0(
#9548000
b1110 :
1(
#9552000
0(
#9556000
b1111 :
1(
#9560000
0(
#9564000
b10000 :
1(
#9568000
0(
#9572000
b10001 :
1(
#9576000
0(
#9580000
b10010 :
1(
#9584000
0(
#9588000
b10011 :
1(
#9592000
0(
#9596000
19
b0 :
1(
#9600000
0(
#9604000
b1 $
b1 +
b1 -
b1 B
0"
09
b1 :
b1 6
b10 5
b10 =
1(
#9608000
0(
#9612000
b10 :
1(
#9616000
0(
#9620000
b11 :
1(
#9624000
0(
#9628000
b100 :
1(
#9632000
0(
#9636000
b101 :
1(
#9640000
0(
#9644000
b110 :
1(
#9648000
0(
#9652000
b111 :
1(
#9656000
0(
#9660000
b1000 :
1(
#9664000
0(
#9668000
b1001 :
1(
#9672000
0(
#9676000
b1010 :
1(
#9680000
0(
#9684000
b1011 :
1(
#9688000
0(
#9692000
b1100 :
1(
#9696000
0(
#9700000
b1101 :
1(
#9704000
0(
#9708000
b1110 :
1(
#9712000
0(
#9716000
b1111 :
1(
#9720000
0(
#9724000
b10000 :
1(
#9728000
0(
#9732000
b10001 :
1(
#9736000
0(
#9740000
b10010 :
1(
#9744000
0(
#9748000
b10011 :
1(
#9752000
0(
#9756000
19
b0 :
1(
#9760000
0(
#9764000
09
b1 :
1(
#9768000
0(
#9772000
b10 :
1(
#9776000
0(
#9780000
b11 :
1(
#9784000
0(
#9788000
b100 :
1(
#9792000
0(
#9796000
b101 :
1(
#9800000
0(
#9804000
b110 :
1(
#9808000
0(
#9812000
b111 :
1(
#9816000
0(
#9820000
b1000 :
1(
#9824000
0(
#9828000
b1001 :
1(
#9832000
0(
#9836000
b1010 :
1(
#9840000
0(
#9844000
b1011 :
1(
#9848000
0(
#9852000
b1100 :
1(
#9856000
0(
#9860000
b1101 :
1(
#9864000
0(
#9868000
b1110 :
1(
#9872000
0(
#9876000
b1111 :
1(
#9880000
0(
#9884000
b10000 :
1(
#9888000
0(
#9892000
b10001 :
1(
#9896000
0(
#9900000
b10010 :
1(
#9904000
0(
#9908000
b10011 :
1(
#9912000
0(
#9916000
19
b0 :
1(
#9920000
0(
#9924000
09
b1 :
1(
#9928000
0(
#9932000
b10 :
1(
#9936000
0(
#9940000
b11 :
1(
#9944000
0(
#9948000
b100 :
1(
#9952000
0(
#9956000
b101 :
1(
#9960000
0(
#9964000
b110 :
1(
#9968000
0(
#9972000
b111 :
1(
#9976000
0(
#9980000
b1000 :
1(
#9984000
0(
#9988000
b1001 :
1(
#9992000
0(
#9996000
b1010 :
1(
#10000000
0(
#10004000
b1011 :
1(
#10008000
0(
#10012000
b1100 :
1(
#10016000
0(
#10020000
b1101 :
1(
#10024000
0(
#10028000
b1110 :
1(
#10032000
0(
#10036000
b1111 :
1(
#10040000
0(
#10044000
b10000 :
1(
#10048000
0(
#10052000
b10001 :
1(
#10056000
0(
#10060000
b10010 :
1(
#10064000
0(
#10068000
b10011 :
1(
#10072000
0(
#10076000
19
b0 :
1(
#10080000
0(
#10084000
09
b1 :
1(
#10088000
0(
#10092000
b10 :
1(
#10096000
0(
#10100000
b11 :
1(
#10104000
0(
#10108000
b100 :
1(
#10112000
0(
#10116000
b101 :
1(
#10120000
0(
#10124000
b110 :
1(
#10128000
0(
#10132000
b111 :
1(
#10136000
0(
#10140000
b1000 :
1(
#10144000
0(
#10148000
b1001 :
1(
#10152000
0(
#10156000
b1010 :
1(
#10160000
0(
#10164000
b1011 :
1(
#10168000
0(
#10172000
b1100 :
1(
#10176000
0(
#10180000
b1101 :
1(
#10184000
0(
#10188000
b1110 :
1(
#10192000
0(
#10196000
b1111 :
1(
#10200000
0(
#10204000
b10000 :
1(
#10208000
0(
#10212000
b10001 :
1(
#10216000
0(
#10220000
b10010 :
1(
#10224000
0(
#10228000
b10011 :
1(
#10232000
0(
#10236000
19
b0 :
b0 &
b0 *
b0 D
1(
#10240000
0(
#10244000
b0 7
09
b1 :
1(
#10248000
0(
#10252000
b10 :
b0 8
1(
#10256000
0(
#10260000
b100 7
b11 :
b100 &
b100 *
1(
#10264000
0(
#10268000
b100 :
b100 8
1(
#10272000
0(
#10276000
b0 7
b101 :
b0 &
b0 *
b1 D
1(
#10280000
0(
#10284000
b110 :
b0 8
1(
#10288000
0(
#10292000
b111 :
1(
#10296000
0(
#10300000
b1000 :
b100 &
b100 *
1(
#10304000
0(
#10308000
b100 7
b1001 :
1(
#10312000
0(
#10316000
b1010 :
b100 8
b0 &
b0 *
b10 D
1(
#10320000
0(
#10324000
b0 7
b1011 :
1(
#10328000
0(
#10332000
b1100 :
b0 8
1(
#10336000
0(
#10340000
b100 7
b1101 :
b100 &
b100 *
1(
#10344000
0(
#10348000
b1110 :
b100 8
1(
#10352000
0(
#10356000
b0 7
b1111 :
b0 &
b0 *
b11 D
1(
#10360000
0(
#10364000
b10000 :
b0 8
1(
#10368000
0(
#10372000
b10001 :
1(
#10376000
0(
#10380000
b10010 :
b100 &
b100 *
1(
#10384000
0(
#10388000
b100 7
b10011 :
1(
#10392000
0(
#10396000
19
b0 :
b100 8
b0 &
b0 *
b100 D
1(
#10400000
0(
#10404000
b0 7
09
b1 :
1(
#10408000
0(
#10412000
b10 :
b0 8
1(
#10416000
0(
#10420000
b11 :
1(
#10424000
0(
#10428000
b100 :
1(
#10432000
0(
#10436000
b101 :
1(
#10440000
0(
#10444000
b110 :
1(
#10448000
0(
#10452000
b111 :
1(
#10456000
0(
#10460000
b1000 :
1(
#10464000
0(
#10468000
b1001 :
1(
#10472000
0(
#10476000
b1010 :
1(
#10480000
0(
#10484000
b1011 :
1(
#10488000
0(
#10492000
b1100 :
1(
#10496000
0(
#10500000
b1101 :
1(
#10504000
0(
#10508000
b1110 :
1(
#10512000
0(
#10516000
b1111 :
1(
#10520000
0(
#10524000
b10000 :
1(
#10528000
0(
#10532000
b10001 :
1(
#10536000
0(
#10540000
b10010 :
1(
#10544000
0(
#10548000
b10011 :
1(
#10552000
0(
#10556000
19
b0 :
1(
#10560000
0(
#10564000
09
b1 :
b0 6
1(
#10568000
0(
#10572000
b10 :
1(
#10576000
0(
#10580000
b11 :
1(
#10584000
0(
#10588000
b100 :
1(
#10592000
0(
#10596000
b101 :
1(
#10600000
0(
#10604000
b110 :
1(
#10608000
0(
#10612000
b111 :
1(
#10616000
0(
#10620000
b1000 :
1(
#10624000
0(
#10628000
b1001 :
1(
#10632000
0(
#10636000
b1010 :
1(
#10640000
0(
#10644000
b1011 :
1(
#10648000
0(
#10652000
b1100 :
1(
#10656000
0(
#10660000
b1101 :
1(
#10664000
0(
#10668000
b1110 :
1(
#10672000
0(
#10676000
b1111 :
1(
#10680000
0(
#10684000
b10000 :
1(
#10688000
0(
#10692000
b10001 :
1(
#10696000
0(
#10700000
b10010 :
1(
#10704000
0(
#10708000
b10011 :
1(
#10712000
0(
#10716000
19
b0 :
1(
#10720000
0(
#10724000
09
b1 :
1(
#10728000
0(
#10732000
b10 :
1(
#10736000
0(
#10740000
b11 :
1(
#10744000
0(
#10748000
b100 :
1(
#10752000
0(
#10756000
b101 :
1(
#10760000
0(
#10764000
b110 :
1(
#10768000
0(
#10772000
b111 :
1(
#10776000
0(
#10780000
b1000 :
1(
#10784000
0(
#10788000
b1001 :
1(
#10792000
0(
#10796000
b1010 :
1(
#10800000
0(
#10804000
b1011 :
1(
#10808000
0(
#10812000
b1100 :
1(
#10816000
0(
#10820000
b1101 :
1(
#10824000
0(
#10828000
b1110 :
1(
#10832000
0(
#10836000
b1111 :
1(
#10840000
0(
#10844000
b10000 :
1(
#10848000
0(
#10852000
b10001 :
1(
#10856000
0(
#10860000
b10010 :
1(
#10864000
0(
#10868000
b10011 :
1(
#10872000
0(
#10876000
19
b0 :
1(
#10880000
0(
#10884000
09
b1 :
1(
#10888000
0(
#10892000
b10 :
1(
#10896000
0(
#10900000
b11 :
1(
#10904000
0(
#10908000
b100 :
1(
#10912000
0(
#10916000
b101 :
1(
#10920000
0(
#10924000
b110 :
1(
#10928000
0(
#10932000
b111 :
1(
#10936000
0(
#10940000
b1000 :
1(
#10944000
0(
#10948000
b1001 :
1(
#10952000
0(
#10956000
b1010 :
1(
#10960000
0(
#10964000
b1011 :
1(
#10968000
0(
#10972000
b1100 :
1(
#10976000
0(
#10980000
b1101 :
1(
#10984000
0(
#10988000
b1110 :
1(
#10992000
0(
#10996000
b1111 :
1(
#11000000
0(
#11004000
b10000 :
1(
#11008000
0(
#11012000
b10001 :
1(
#11016000
0(
#11020000
b10010 :
1(
#11024000
0(
#11028000
b10011 :
1(
#11032000
0(
#11036000
19
b0 :
1(
#11040000
0(
#11044000
09
b1 :
1(
#11048000
0(
#11052000
b10 :
1(
#11056000
0(
#11060000
b11 :
1(
#11064000
0(
#11068000
b100 :
1(
#11072000
0(
#11076000
b101 :
1(
#11080000
0(
#11084000
b110 :
1(
#11088000
0(
#11092000
b111 :
1(
#11096000
0(
#11100000
b1000 :
1(
#11104000
0(
#11108000
b1001 :
1(
#11112000
0(
#11116000
b1010 :
1(
#11120000
0(
#11124000
b1011 :
1(
#11128000
0(
#11132000
b1100 :
1(
#11136000
0(
#11140000
b1101 :
1(
#11144000
0(
#11148000
b1110 :
1(
#11152000
0(
#11156000
b1111 :
1(
#11160000
0(
#11164000
b10000 :
1(
#11168000
0(
#11172000
b10001 :
1(
#11176000
0(
#11180000
b10010 :
1(
#11184000
0(
#11188000
b10011 :
1(
#11192000
0(
#11196000
19
b0 :
b1 &
b1 *
b0 D
b0 C
b1001 '
b1001 ,
b1 J
b1 I
b10 G
b10000010100111001000100001000000010000000100000001101010010011000110011001000000010000000100000001000000010000000100000 H
1(
#11200000
0(
#11204000
b1 7
09
b1 :
1(
#11208000
0(
#11212000
b10 :
b1 8
1(
#11216000
0(
#11220000
b0 7
b1001 3
b1001 ;
b11 :
b0 &
b0 *
1(
#11224000
0(
#11228000
b100 :
b0 8
1(
#11232000
0(
#11236000
b1 7
b101 :
b1 &
b1 *
b1 D
1(
#11240000
0(
#11244000
b110 :
b1 8
1(
#11248000
0(
#11252000
b111 :
1(
#11256000
0(
#11260000
b1000 :
b0 &
b0 *
1(
#11264000
0(
#11268000
b0 7
b1001 :
1(
#11272000
0(
#11276000
b1010 :
b0 8
b1 &
b1 *
b10 D
1(
#11280000
0(
#11284000
b1 7
b1011 :
1(
#11288000
0(
#11292000
b1100 :
b1 8
1(
#11296000
0(
#11300000
b0 7
b1101 :
b0 &
b0 *
1(
#11304000
0(
#11308000
b1110 :
b0 8
1(
#11312000
0(
#11316000
b1 7
b1111 :
b1 &
b1 *
b11 D
1(
#11320000
0(
#11324000
b10000 :
b1 8
1(
#11328000
0(
#11332000
b10001 :
1(
#11336000
0(
#11340000
b10010 :
b0 &
b0 *
1(
#11344000
0(
#11348000
b0 7
b10011 :
1(
#11352000
0(
#11356000
19
b0 :
b0 8
b1 &
b1 *
b100 D
1(
#11360000
0(
#11364000
b1 7
09
b1 :
1(
#11368000
0(
#11372000
b10 :
b1 8
1(
#11376000
0(
#11380000
b11 :
1(
#11384000
0(
#11388000
b100 :
1(
#11392000
0(
#11396000
b101 :
1(
#11400000
0(
#11404000
b110 :
1(
#11408000
0(
#11412000
b111 :
1(
#11416000
0(
#11420000
b1000 :
1(
#11424000
0(
#11428000
b1001 :
1(
#11432000
0(
#11436000
b1010 :
1(
#11440000
0(
#11444000
b1011 :
1(
#11448000
0(
#11452000
b1100 :
1(
#11456000
0(
#11460000
b1101 :
1(
#11464000
0(
#11468000
b1110 :
1(
#11472000
0(
#11476000
b1111 :
1(
#11480000
0(
#11484000
b10000 :
1(
#11488000
0(
#11492000
b10001 :
1(
#11496000
0(
#11500000
b10010 :
1(
#11504000
0(
#11508000
b10011 :
1(
#11512000
0(
#11516000
19
b0 :
1(
#11520000
0(
#11524000
09
b1 :
1(
#11528000
0(
#11532000
b10 :
1(
#11536000
0(
#11540000
b11 :
1(
#11544000
0(
#11548000
b100 :
1(
#11552000
0(
#11556000
b101 :
1(
#11560000
0(
#11564000
b110 :
1(
#11568000
0(
#11572000
b111 :
1(
#11576000
0(
#11580000
b1000 :
1(
#11584000
0(
#11588000
b1001 :
1(
#11592000
0(
#11596000
b1010 :
1(
#11600000
0(
#11604000
b1011 :
1(
#11608000
0(
#11612000
b1100 :
1(
#11616000
0(
#11620000
b1101 :
1(
#11624000
0(
#11628000
b1110 :
1(
#11632000
0(
#11636000
b1111 :
1(
#11640000
0(
#11644000
b10000 :
1(
#11648000
0(
#11652000
b10001 :
1(
#11656000
0(
#11660000
b10010 :
1(
#11664000
0(
#11668000
b10011 :
1(
#11672000
0(
#11676000
19
b0 :
1(
#11680000
0(
#11684000
09
b1 :
1(
#11688000
0(
#11692000
b10 :
1(
#11696000
0(
#11700000
b11 :
1(
#11704000
0(
#11708000
b100 :
1(
#11712000
0(
#11716000
b101 :
1(
#11720000
0(
#11724000
b110 :
1(
#11728000
0(
#11732000
b111 :
1(
#11736000
0(
#11740000
b1000 :
1(
#11744000
0(
#11748000
b1001 :
1(
#11752000
0(
#11756000
b1010 :
1(
#11760000
0(
#11764000
b1011 :
1(
#11768000
0(
#11772000
b1100 :
1(
#11776000
0(
#11780000
b1101 :
1(
#11784000
0(
#11788000
b1110 :
1(
#11792000
0(
#11796000
b1111 :
1(
#11800000
0(
#11804000
b10000 :
1(
#11808000
0(
#11812000
b10001 :
1(
#11816000
0(
#11820000
b10010 :
1(
#11824000
0(
#11828000
b10011 :
1(
#11832000
0(
#11836000
19
b0 :
1(
#11840000
0(
#11844000
09
b1 :
1(
#11848000
0(
#11852000
b10 :
1(
#11856000
0(
#11860000
b11 :
1(
#11864000
0(
#11868000
b100 :
1(
#11872000
0(
#11876000
b101 :
1(
#11880000
0(
#11884000
b110 :
1(
#11888000
0(
#11892000
b111 :
1(
#11896000
0(
#11900000
b1000 :
1(
#11904000
0(
#11908000
b1001 :
1(
#11912000
0(
#11916000
b1010 :
1(
#11920000
0(
#11924000
b1011 :
1(
#11928000
0(
#11932000
b1100 :
1(
#11936000
0(
#11940000
b1101 :
1(
#11944000
0(
#11948000
b1110 :
1(
#11952000
0(
#11956000
b1111 :
1(
#11960000
0(
#11964000
b10000 :
1(
#11968000
0(
#11972000
b10001 :
1(
#11976000
0(
#11980000
b10010 :
1(
#11984000
0(
#11988000
b10011 :
1(
#11992000
0(
#11996000
19
b0 :
1(
#12000000
0(
#12004000
09
b1 :
1(
#12008000
0(
#12012000
b10 :
1(
#12016000
0(
#12020000
b11 :
1(
#12024000
0(
#12028000
b100 :
1(
#12032000
0(
#12036000
b101 :
1(
#12040000
0(
#12044000
b110 :
1(
#12048000
0(
#12052000
b111 :
1(
#12056000
0(
#12060000
b1000 :
1(
#12064000
0(
#12068000
b1001 :
1(
#12072000
0(
#12076000
b1010 :
1(
#12080000
0(
#12084000
b1011 :
1(
#12088000
0(
#12092000
b1100 :
1(
#12096000
0(
#12100000
b1101 :
1(
#12104000
0(
#12108000
b1110 :
1(
#12112000
0(
#12116000
b1111 :
1(
#12120000
0(
#12124000
b10000 :
1(
#12128000
0(
#12132000
b10001 :
1(
#12136000
0(
#12140000
b10010 :
1(
#12144000
0(
#12148000
b10011 :
1(
#12152000
0(
#12156000
19
b0 :
b0 &
b0 *
b0 D
1(
#12160000
0(
#12164000
b0 7
09
b1 :
1(
#12168000
0(
#12172000
b10 :
b0 8
1(
#12176000
0(
#12180000
b1 7
b11 :
b1 &
b1 *
1(
#12184000
0(
#12188000
b100 :
b1 8
1(
#12192000
0(
#12196000
b0 7
b101 :
b0 &
b0 *
b1 D
1(
#12200000
0(
#12204000
b110 :
b0 8
1(
#12208000
0(
#12212000
b111 :
1(
#12216000
0(
#12220000
b1000 :
b1 &
b1 *
1(
#12224000
0(
#12228000
b1 7
b1001 :
1(
#12232000
0(
#12236000
b1010 :
b1 8
b0 &
b0 *
b10 D
1(
#12240000
0(
#12244000
b0 7
b1011 :
1(
#12248000
0(
#12252000
b1100 :
b0 8
1(
#12256000
0(
#12260000
b1 7
b1101 :
b1 &
b1 *
1(
#12264000
0(
#12268000
b1110 :
b1 8
1(
#12272000
0(
#12276000
b0 7
b1111 :
b0 &
b0 *
b11 D
1(
#12280000
0(
#12284000
b10000 :
b0 8
1(
#12288000
0(
#12292000
b10001 :
1(
#12296000
0(
#12300000
b10010 :
b1 &
b1 *
1(
#12304000
0(
#12308000
b1 7
b10011 :
1(
#12312000
0(
#12316000
19
b0 :
b1 8
b0 &
b0 *
b100 D
1(
#12320000
0(
#12324000
b0 7
09
b1 :
1(
#12328000
0(
#12332000
b10 :
b0 8
1(
#12336000
0(
#12340000
b11 :
1(
#12344000
0(
#12348000
b100 :
1(
#12352000
0(
#12356000
b101 :
1(
#12360000
0(
#12364000
b110 :
1(
#12368000
0(
#12372000
b111 :
1(
#12376000
0(
#12380000
b1000 :
1(
#12384000
0(
#12388000
b1001 :
1(
#12392000
0(
#12396000
b1010 :
1(
#12400000
0(
#12404000
b1011 :
1(
#12408000
0(
#12412000
b1100 :
1(
#12416000
0(
#12420000
b1101 :
1(
#12424000
0(
#12428000
b1110 :
1(
#12432000
0(
#12436000
b1111 :
1(
#12440000
0(
#12444000
b10000 :
1(
#12448000
0(
#12452000
b10001 :
1(
#12456000
0(
#12460000
b10010 :
1(
#12464000
0(
#12468000
b10011 :
1(
#12472000
0(
#12476000
19
b0 :
1(
#12480000
0(
#12484000
09
b1 :
1(
#12488000
0(
#12492000
b10 :
1(
#12496000
0(
#12500000
b11 :
1(
#12504000
0(
#12508000
b100 :
1(
#12512000
0(
#12516000
b101 :
1(
#12520000
0(
#12524000
b110 :
1(
#12528000
0(
#12532000
b111 :
1(
#12536000
0(
#12540000
b1000 :
1(
#12544000
0(
#12548000
b1001 :
1(
#12552000
0(
#12556000
b1010 :
1(
#12560000
0(
#12564000
b1011 :
1(
#12568000
0(
#12572000
b1100 :
1(
#12576000
0(
#12580000
b1101 :
1(
#12584000
0(
#12588000
b1110 :
1(
#12592000
0(
#12596000
b1111 :
1(
#12600000
0(
#12604000
b10000 :
1(
#12608000
0(
#12612000
b10001 :
1(
#12616000
0(
#12620000
b10010 :
1(
#12624000
0(
#12628000
b10011 :
1(
#12632000
0(
#12636000
19
b0 :
1(
#12640000
0(
#12644000
09
b1 :
1(
#12648000
0(
#12652000
b10 :
1(
#12656000
0(
#12660000
b11 :
1(
#12664000
0(
#12668000
b100 :
1(
#12672000
0(
#12676000
b101 :
1(
#12680000
0(
#12684000
b110 :
1(
#12688000
0(
#12692000
b111 :
1(
#12696000
0(
#12700000
b1000 :
1(
#12704000
0(
#12708000
b1001 :
1(
#12712000
0(
#12716000
b1010 :
1(
#12720000
0(
#12724000
b1011 :
1(
#12728000
0(
#12732000
b1100 :
1(
#12736000
0(
#12740000
b1101 :
1(
#12744000
0(
#12748000
b1110 :
1(
#12752000
0(
#12756000
b1111 :
1(
#12760000
0(
#12764000
b10000 :
1(
#12768000
0(
#12772000
b10001 :
1(
#12776000
0(
#12780000
b10010 :
1(
#12784000
0(
#12788000
b10011 :
1(
#12792000
0(
#12796000
19
b0 :
1(
#12800000
0(
#12804000
09
b1 :
1(
#12808000
0(
#12812000
b10 :
1(
#12816000
0(
#12820000
b11 :
1(
#12824000
0(
#12828000
b100 :
1(
#12832000
0(
#12836000
b101 :
1(
#12840000
0(
#12844000
b110 :
1(
#12848000
0(
#12852000
b111 :
1(
#12856000
0(
#12860000
b1000 :
1(
#12864000
0(
#12868000
b1001 :
1(
#12872000
0(
#12876000
b1010 :
1(
#12880000
0(
#12884000
b1011 :
1(
#12888000
0(
#12892000
b1100 :
1(
#12896000
0(
#12900000
b1101 :
1(
#12904000
0(
#12908000
b1110 :
1(
#12912000
0(
#12916000
b1111 :
1(
#12920000
0(
#12924000
b10000 :
1(
#12928000
0(
#12932000
b10001 :
1(
#12936000
0(
#12940000
b10010 :
1(
#12944000
0(
#12948000
b10011 :
1(
#12952000
0(
#12956000
19
b0 :
1(
#12960000
0(
#12964000
09
b1 :
1(
#12968000
0(
#12972000
b10 :
1(
#12976000
0(
#12980000
b11 :
1(
#12984000
0(
#12988000
b100 :
1(
#12992000
0(
#12996000
b101 :
1(
#13000000
0(
#13004000
b110 :
1(
#13008000
0(
#13012000
b111 :
1(
#13016000
0(
#13020000
b1000 :
1(
#13024000
0(
#13028000
b1001 :
1(
#13032000
0(
#13036000
b1010 :
1(
#13040000
0(
#13044000
b1011 :
1(
#13048000
0(
#13052000
b1100 :
1(
#13056000
0(
#13060000
b1101 :
1(
#13064000
0(
#13068000
b1110 :
1(
#13072000
0(
#13076000
b1111 :
1(
#13080000
0(
#13084000
b10000 :
1(
#13088000
0(
#13092000
b10001 :
1(
#13096000
0(
#13100000
b10010 :
1(
#13104000
0(
#13108000
b10011 :
1(
#13112000
0(
#13116000
19
b0 :
b10 &
b10 *
b0 D
b1 C
b110 '
b110 ,
1(
#13120000
0(
#13124000
b10 7
09
b1 :
1(
#13128000
0(
#13132000
b10 :
b10 8
1(
#13136000
0(
#13140000
b0 $
b0 +
b0 -
b0 B
b0 7
b110 4
b110 <
b11 :
b0 &
b0 *
1(
#13144000
0(
#13148000
b100 :
b0 8
1(
#13152000
0(
#13156000
b10 7
b101 :
b10 &
b10 *
b1 D
1(
#13160000
0(
#13164000
b110 :
b10 8
1(
#13168000
0(
#13172000
b111 :
1(
#13176000
0(
#13180000
b1000 :
b0 &
b0 *
1(
#13184000
0(
#13188000
b0 7
b1001 :
1(
#13192000
0(
#13196000
b1010 :
b0 8
b10 &
b10 *
b10 D
1(
#13200000
0(
#13204000
b10 7
b1011 :
1(
#13208000
0(
#13212000
b1100 :
b10 8
1(
#13216000
0(
#13220000
b0 7
b1101 :
b0 &
b0 *
1(
#13224000
0(
#13228000
b1110 :
b0 8
1(
#13232000
0(
#13236000
b10 7
b1111 :
b10 &
b10 *
b11 D
1(
#13240000
0(
#13244000
b10000 :
b10 8
1(
#13248000
0(
#13252000
b10001 :
1(
#13256000
0(
#13260000
b10010 :
b0 &
b0 *
1(
#13264000
0(
#13268000
b0 7
b10011 :
1(
#13272000
0(
#13276000
19
b0 :
b0 8
b10 &
b10 *
b100 D
1(
#13280000
0(
#13284000
b10 7
09
b1 :
1(
#13288000
0(
#13292000
b10 :
b10 8
1(
#13296000
0(
#13300000
b11 :
1(
#13304000
0(
#13308000
b100 :
1(
#13312000
0(
#13316000
b101 :
1(
#13320000
0(
#13324000
b110 :
1(
#13328000
0(
#13332000
b111 :
1(
#13336000
0(
#13340000
b1000 :
1(
#13344000
0(
#13348000
b1001 :
1(
#13352000
0(
#13356000
b1010 :
1(
#13360000
0(
#13364000
b1011 :
1(
#13368000
0(
#13372000
b1100 :
1(
#13376000
0(
#13380000
b1101 :
1(
#13384000
0(
#13388000
b1110 :
1(
#13392000
0(
#13396000
b1111 :
1(
#13400000
0(
#13404000
b10000 :
1(
#13408000
0(
#13412000
b10001 :
1(
#13416000
0(
#13420000
b10010 :
1(
#13424000
0(
#13428000
b10011 :
1(
#13432000
0(
#13436000
19
b0 :
1(
#13440000
0(
#13444000
09
b1 :
1(
#13448000
0(
#13452000
b10 :
1(
#13456000
0(
#13460000
b11 :
1(
#13464000
0(
#13468000
b100 :
1(
#13472000
0(
#13476000
b101 :
1(
#13480000
0(
#13484000
b110 :
1(
#13488000
0(
#13492000
b111 :
1(
#13496000
0(
#13500000
b1000 :
1(
#13504000
0(
#13508000
b1001 :
1(
#13512000
0(
#13516000
b1010 :
1(
#13520000
0(
#13524000
b1011 :
1(
#13528000
0(
#13532000
b1100 :
1(
#13536000
0(
#13540000
b1101 :
1(
#13544000
0(
#13548000
b1110 :
1(
#13552000
0(
#13556000
b1111 :
1(
#13560000
0(
#13564000
b10000 :
1(
#13568000
0(
#13572000
b10001 :
1(
#13576000
0(
#13580000
b10010 :
1(
#13584000
0(
#13588000
b10011 :
1(
#13592000
0(
#13596000
19
b0 :
1(
#13600000
0(
#13604000
09
b1 :
1(
#13608000
0(
#13612000
b10 :
1(
#13616000
0(
#13620000
b11 :
1(
#13624000
0(
#13628000
b100 :
1(
#13632000
0(
#13636000
b101 :
1(
#13640000
0(
#13644000
b110 :
1(
#13648000
0(
#13652000
b111 :
1(
#13656000
0(
#13660000
b1000 :
1(
#13664000
0(
#13668000
b1001 :
1(
#13672000
0(
#13676000
b1010 :
1(
#13680000
0(
#13684000
b1011 :
1(
#13688000
0(
#13692000
b1100 :
1(
#13696000
0(
#13700000
b1101 :
1(
#13704000
0(
#13708000
b1110 :
1(
#13712000
0(
#13716000
b1111 :
1(
#13720000
0(
#13724000
b10000 :
1(
#13728000
0(
#13732000
b10001 :
1(
#13736000
0(
#13740000
b10010 :
1(
#13744000
0(
#13748000
b10011 :
1(
#13752000
0(
#13756000
19
b0 :
1(
#13760000
0(
#13764000
09
b1 :
1(
#13768000
0(
#13772000
b10 :
1(
#13776000
0(
#13780000
b11 :
1(
#13784000
0(
#13788000
b100 :
1(
#13792000
0(
#13796000
b101 :
1(
#13800000
0(
#13804000
b110 :
1(
#13808000
0(
#13812000
b111 :
1(
#13816000
0(
#13820000
b1000 :
1(
#13824000
0(
#13828000
b1001 :
1(
#13832000
0(
#13836000
b1010 :
1(
#13840000
0(
#13844000
b1011 :
1(
#13848000
0(
#13852000
b1100 :
1(
#13856000
0(
#13860000
b1101 :
1(
#13864000
0(
#13868000
b1110 :
1(
#13872000
0(
#13876000
b1111 :
1(
#13880000
0(
#13884000
b10000 :
1(
#13888000
0(
#13892000
b10001 :
1(
#13896000
0(
#13900000
b10010 :
1(
#13904000
0(
#13908000
b10011 :
1(
#13912000
0(
#13916000
19
b0 :
1(
#13920000
0(
#13924000
09
b1 :
1(
#13928000
0(
#13932000
b10 :
1(
#13936000
0(
#13940000
b11 :
1(
#13944000
0(
#13948000
b100 :
1(
#13952000
0(
#13956000
b101 :
1(
#13960000
0(
#13964000
b110 :
1(
#13968000
0(
#13972000
b111 :
1(
#13976000
0(
#13980000
b1000 :
1(
#13984000
0(
#13988000
b1001 :
1(
#13992000
0(
#13996000
b1010 :
1(
#14000000
0(
#14004000
b1011 :
1(
#14008000
0(
#14012000
b1100 :
1(
#14016000
0(
#14020000
b1101 :
1(
#14024000
0(
#14028000
b1110 :
1(
#14032000
0(
#14036000
b1111 :
1(
#14040000
0(
#14044000
b10000 :
1(
#14048000
0(
#14052000
b10001 :
1(
#14056000
0(
#14060000
b10010 :
1(
#14064000
0(
#14068000
b10011 :
1(
#14072000
0(
#14076000
19
b0 :
b0 &
b0 *
b0 D
1(
#14080000
0(
#14084000
b0 7
09
b1 :
1(
#14088000
0(
#14092000
b10 :
b0 8
1(
#14096000
0(
#14100000
b10 7
b11 :
b10 &
b10 *
1(
#14104000
0(
#14108000
b100 :
b10 8
1(
#14112000
0(
#14116000
b0 7
b101 :
b0 &
b0 *
b1 D
1(
#14120000
0(
#14124000
b110 :
b0 8
1(
#14128000
0(
#14132000
b111 :
1(
#14136000
0(
#14140000
b1000 :
b10 &
b10 *
1(
#14144000
0(
#14148000
b10 7
b1001 :
1(
#14152000
0(
#14156000
b1010 :
b10 8
b0 &
b0 *
b10 D
1(
#14160000
0(
#14164000
b0 7
b1011 :
1(
#14168000
0(
#14172000
b1100 :
b0 8
1(
#14176000
0(
#14180000
b10 7
b1101 :
b10 &
b10 *
1(
#14184000
0(
#14188000
b1110 :
b10 8
1(
#14192000
0(
#14196000
b0 7
b1111 :
b0 &
b0 *
b11 D
1(
#14200000
0(
#14204000
b10000 :
b0 8
1(
#14208000
0(
#14212000
b10001 :
1(
#14216000
0(
#14220000
b10010 :
b10 &
b10 *
1(
#14224000
0(
#14228000
b10 7
b10011 :
1(
#14232000
0(
#14236000
19
b0 :
b10 8
b0 &
b0 *
b100 D
1(
#14240000
0(
#14244000
b0 7
09
b1 :
1(
#14248000
0(
#14252000
b10 :
b0 8
1(
#14256000
0(
#14260000
b11 :
1(
#14264000
0(
#14268000
b100 :
1(
#14272000
0(
#14276000
b101 :
1(
#14280000
0(
#14284000
b110 :
1(
#14288000
0(
#14292000
b111 :
1(
#14296000
0(
#14300000
b1000 :
1(
#14304000
0(
#14308000
b1001 :
1(
#14312000
0(
#14316000
b1010 :
1(
#14320000
0(
#14324000
b1011 :
1(
#14328000
0(
#14332000
b1100 :
1(
#14336000
0(
#14340000
b1101 :
1(
#14344000
0(
#14348000
b1110 :
1(
#14352000
0(
#14356000
b1111 :
1(
#14360000
0(
#14364000
b10000 :
1(
#14368000
0(
#14372000
b10001 :
1(
#14376000
0(
#14380000
b10010 :
1(
#14384000
0(
#14388000
b10011 :
1(
#14392000
0(
#14396000
19
b0 :
1(
#14400000
0(
#14404000
09
b1 :
1(
#14408000
0(
#14412000
b10 :
1(
#14416000
0(
#14420000
b11 :
1(
#14424000
0(
#14428000
b100 :
1(
#14432000
0(
#14436000
b101 :
1(
#14440000
0(
#14444000
b110 :
1(
#14448000
0(
#14452000
b111 :
1(
#14456000
0(
#14460000
b1000 :
1(
#14464000
0(
#14468000
b1001 :
1(
#14472000
0(
#14476000
b1010 :
1(
#14480000
0(
#14484000
b1011 :
1(
#14488000
0(
#14492000
b1100 :
1(
#14496000
0(
#14500000
b1101 :
1(
#14504000
0(
#14508000
b1110 :
1(
#14512000
0(
#14516000
b1111 :
1(
#14520000
0(
#14524000
b10000 :
1(
#14528000
0(
#14532000
b10001 :
1(
#14536000
0(
#14540000
b10010 :
1(
#14544000
0(
#14548000
b10011 :
1(
#14552000
0(
#14556000
19
b0 :
1(
#14560000
0(
#14564000
09
b1 :
1(
#14568000
0(
#14572000
b10 :
1(
#14576000
0(
#14580000
b11 :
1(
#14584000
0(
#14588000
b100 :
1(
#14592000
0(
#14596000
b101 :
1(
#14600000
0(
#14604000
b110 :
1(
#14608000
0(
#14612000
b111 :
1(
#14616000
0(
#14620000
b1000 :
1(
#14624000
0(
#14628000
b1001 :
1(
#14632000
0(
#14636000
b1010 :
1(
#14640000
0(
#14644000
b1011 :
1(
#14648000
0(
#14652000
b1100 :
1(
#14656000
0(
#14660000
b1101 :
1(
#14664000
0(
#14668000
b1110 :
1(
#14672000
0(
#14676000
b1111 :
1(
#14680000
0(
#14684000
b10000 :
1(
#14688000
0(
#14692000
b10001 :
1(
#14696000
0(
#14700000
b10010 :
1(
#14704000
0(
#14708000
b10011 :
1(
#14712000
0(
#14716000
19
b0 :
1(
#14720000
0(
#14724000
09
b1 :
1(
#14728000
0(
#14732000
b10 :
1(
#14736000
0(
#14740000
b11 :
1(
#14744000
0(
#14748000
b100 :
1(
#14752000
0(
#14756000
b101 :
1(
#14760000
0(
#14764000
b110 :
1(
#14768000
0(
#14772000
b111 :
1(
#14776000
0(
#14780000
b1000 :
1(
#14784000
0(
#14788000
b1001 :
1(
#14792000
0(
#14796000
b1010 :
1(
#14800000
0(
#14804000
b1011 :
1(
#14808000
0(
#14812000
b1100 :
1(
#14816000
0(
#14820000
b1101 :
1(
#14824000
0(
#14828000
b1110 :
1(
#14832000
0(
#14836000
b1111 :
1(
#14840000
0(
#14844000
b10000 :
1(
#14848000
0(
#14852000
b10001 :
1(
#14856000
0(
#14860000
b10010 :
1(
#14864000
0(
#14868000
b10011 :
1(
#14872000
0(
#14876000
19
b0 :
1(
#14880000
0(
#14884000
09
b1 :
1(
#14888000
0(
#14892000
b10 :
1(
#14896000
0(
#14900000
b11 :
1(
#14904000
0(
#14908000
b100 :
1(
#14912000
0(
#14916000
b101 :
1(
#14920000
0(
#14924000
b110 :
1(
#14928000
0(
#14932000
b111 :
1(
#14936000
0(
#14940000
b1000 :
1(
#14944000
0(
#14948000
b1001 :
1(
#14952000
0(
#14956000
b1010 :
1(
#14960000
0(
#14964000
b1011 :
1(
#14968000
0(
#14972000
b1100 :
1(
#14976000
0(
#14980000
b1101 :
1(
#14984000
0(
#14988000
b1110 :
1(
#14992000
0(
#14996000
b1111 :
1(
#15000000
0(
#15004000
b10000 :
1(
#15008000
0(
#15012000
b10001 :
1(
#15016000
0(
#15020000
b10010 :
1(
#15024000
0(
#15028000
b10011 :
1(
#15032000
0(
#15036000
19
b0 :
b100 &
b100 *
b0 D
b10 C
b0 I
b110 F
b1001 E
b10000010100111001000100001000000010000000100000001110010010011000110110001000000010000000100000001000000010000000100000 H
1(
#15040000
0(
#15044000
b100 7
09
b1 :
1(
#15048000
0(
#15052000
b10 :
b100 8
1(
#15056000
0(
#15060000
b0 7
b11 :
b0 &
b0 *
1(
#15064000
0(
#15068000
b100 :
b0 8
1(
#15072000
0(
#15076000
b100 7
b101 :
b100 &
b100 *
b1 D
1(
#15080000
0(
#15084000
b110 :
b100 8
1(
#15088000
0(
#15092000
b111 :
1(
#15096000
0(
#15100000
b1000 :
b0 &
b0 *
1(
#15104000
0(
#15108000
b0 7
b1001 :
1(
#15112000
0(
#15116000
b1010 :
b0 8
b100 &
b100 *
b10 D
1(
#15120000
0(
#15124000
b100 7
b1011 :
1(
#15128000
0(
#15132000
b1100 :
b100 8
1(
#15136000
0(
#15140000
b0 7
b1101 :
b0 &
b0 *
1(
#15144000
0(
#15148000
b1110 :
b0 8
1(
#15152000
0(
#15156000
b100 7
b1111 :
b100 &
b100 *
b11 D
1(
#15160000
0(
#15164000
b10000 :
b100 8
1(
#15168000
0(
#15172000
b10001 :
1(
#15176000
0(
#15180000
b10010 :
b0 &
b0 *
1(
#15184000
0(
#15188000
b0 7
b10011 :
1(
#15192000
0(
#15196000
19
b0 :
b0 8
b100 &
b100 *
b100 D
1(
#15200000
0(
#15204000
b100 7
09
b1 :
1(
#15208000
0(
#15212000
b10 :
b100 8
1(
#15216000
0(
#15220000
b11 :
1(
#15224000
0(
#15228000
b100 :
1(
#15232000
0(
#15236000
b101 :
1(
#15240000
0(
#15244000
b110 :
1(
#15248000
0(
#15252000
b111 :
1(
#15256000
0(
#15260000
b1000 :
1(
#15264000
0(
#15268000
b1001 :
1(
#15272000
0(
#15276000
b1010 :
1(
#15280000
0(
#15284000
b1011 :
1(
#15288000
0(
#15292000
b1100 :
1(
#15296000
0(
#15300000
b1101 :
1(
#15304000
0(
#15308000
b1110 :
1(
#15312000
0(
#15316000
b1111 :
1(
#15320000
0(
#15324000
b10000 :
1(
#15328000
0(
#15332000
b10001 :
1(
#15336000
0(
#15340000
b10010 :
1(
#15344000
0(
#15348000
b10011 :
1(
#15352000
0(
#15356000
19
b0 :
1(
#15360000
0(
#15364000
b1111 $
b1111 +
b1111 -
b1111 B
1"
09
b1 :
b1 6
b11 5
b11 =
1(
#15368000
0(
#15372000
b10 :
1(
#15376000
0(
#15380000
b11 :
1(
#15384000
0(
#15388000
b100 :
1(
#15392000
0(
#15396000
b101 :
1(
#15400000
0(
#15404000
b110 :
1(
#15408000
0(
#15412000
b111 :
1(
#15416000
0(
#15420000
b1000 :
1(
#15424000
0(
#15428000
b1001 :
1(
#15432000
0(
#15436000
b1010 :
1(
#15440000
0(
#15444000
b1011 :
1(
#15448000
0(
#15452000
b1100 :
1(
#15456000
0(
#15460000
b1101 :
1(
#15464000
0(
#15468000
b1110 :
1(
#15472000
0(
#15476000
b1111 :
1(
#15480000
0(
#15484000
b10000 :
1(
#15488000
0(
#15492000
b10001 :
1(
#15496000
0(
#15500000
b10010 :
1(
#15504000
0(
#15508000
b10011 :
1(
#15512000
0(
#15516000
19
b0 :
1(
#15520000
0(
#15524000
09
b1 :
1(
#15528000
0(
#15532000
b10 :
1(
#15536000
0(
#15540000
b11 :
1(
#15544000
0(
#15548000
b100 :
1(
#15552000
0(
#15556000
b101 :
1(
#15560000
0(
#15564000
b110 :
1(
#15568000
0(
#15572000
b111 :
1(
#15576000
0(
#15580000
b1000 :
1(
#15584000
0(
#15588000
b1001 :
1(
#15592000
0(
#15596000
b1010 :
1(
#15600000
0(
#15604000
b1011 :
1(
#15608000
0(
#15612000
b1100 :
1(
#15616000
0(
#15620000
b1101 :
1(
#15624000
0(
#15628000
b1110 :
1(
#15632000
0(
#15636000
b1111 :
1(
#15640000
0(
#15644000
b10000 :
1(
#15648000
0(
#15652000
b10001 :
1(
#15656000
0(
#15660000
b10010 :
1(
#15664000
0(
#15668000
b10011 :
1(
#15672000
0(
#15676000
19
b0 :
1(
#15680000
0(
#15684000
09
b1 :
1(
#15688000
0(
#15692000
b10 :
1(
#15696000
0(
#15700000
b11 :
1(
#15704000
0(
#15708000
b100 :
1(
#15712000
0(
#15716000
b101 :
1(
#15720000
0(
#15724000
b110 :
1(
#15728000
0(
#15732000
b111 :
1(
#15736000
0(
#15740000
b1000 :
1(
#15744000
0(
#15748000
b1001 :
1(
#15752000
0(
#15756000
b1010 :
1(
#15760000
0(
#15764000
b1011 :
1(
#15768000
0(
#15772000
b1100 :
1(
#15776000
0(
#15780000
b1101 :
1(
#15784000
0(
#15788000
b1110 :
1(
#15792000
0(
#15796000
b1111 :
1(
#15800000
0(
#15804000
b10000 :
1(
#15808000
0(
#15812000
b10001 :
1(
#15816000
0(
#15820000
b10010 :
1(
#15824000
0(
#15828000
b10011 :
1(
#15832000
0(
#15836000
19
b0 :
1(
#15840000
0(
#15844000
09
b1 :
1(
#15848000
0(
#15852000
b10 :
1(
#15856000
0(
#15860000
b11 :
1(
#15864000
0(
#15868000
b100 :
1(
#15872000
0(
#15876000
b101 :
1(
#15880000
0(
#15884000
b110 :
1(
#15888000
0(
#15892000
b111 :
1(
#15896000
0(
#15900000
b1000 :
1(
#15904000
0(
#15908000
b1001 :
1(
#15912000
0(
#15916000
b1010 :
1(
#15920000
0(
#15924000
b1011 :
1(
#15928000
0(
#15932000
b1100 :
1(
#15936000
0(
#15940000
b1101 :
1(
#15944000
0(
#15948000
b1110 :
1(
#15952000
0(
#15956000
b1111 :
1(
#15960000
0(
#15964000
b10000 :
1(
#15968000
0(
#15972000
b10001 :
1(
#15976000
0(
#15980000
b10010 :
1(
#15984000
0(
#15988000
b10011 :
1(
#15992000
0(
#15996000
19
b0 :
b0 &
b0 *
b0 D
1(
#16000000
0(
#16004000
b0 7
09
b1 :
1(
#16008000
0(
#16012000
b10 :
b0 8
1(
#16016000
0(
#16020000
b100 7
b11 :
b100 &
b100 *
1(
#16024000
0(
#16028000
b100 :
b100 8
1(
#16032000
0(
#16036000
b0 7
b101 :
b0 &
b0 *
b1 D
1(
#16040000
0(
#16044000
b110 :
b0 8
1(
#16048000
0(
#16052000
b111 :
1(
#16056000
0(
#16060000
b1000 :
b100 &
b100 *
1(
#16064000
0(
#16068000
b100 7
b1001 :
1(
#16072000
0(
#16076000
b1010 :
b100 8
b0 &
b0 *
b10 D
1(
#16080000
0(
#16084000
b0 7
b1011 :
1(
#16088000
0(
#16092000
b1100 :
b0 8
1(
#16096000
0(
#16100000
b100 7
b1101 :
b100 &
b100 *
1(
#16104000
0(
#16108000
b1110 :
b100 8
1(
#16112000
0(
#16116000
b0 7
b1111 :
b0 &
b0 *
b11 D
1(
#16120000
0(
#16124000
b10000 :
b0 8
1(
#16128000
0(
#16132000
b10001 :
1(
#16136000
0(
#16140000
b10010 :
b100 &
b100 *
1(
#16144000
0(
#16148000
b100 7
b10011 :
1(
#16152000
0(
#16156000
19
b0 :
b100 8
b0 &
b0 *
b100 D
1(
#16160000
0(
#16164000
b0 7
09
b1 :
1(
#16168000
0(
#16172000
b10 :
b0 8
1(
#16176000
0(
#16180000
b11 :
1(
#16184000
0(
#16188000
b100 :
1(
#16192000
0(
#16196000
b101 :
1(
#16200000
0(
#16204000
b110 :
1(
#16208000
0(
#16212000
b111 :
1(
#16216000
0(
#16220000
b1000 :
1(
#16224000
0(
#16228000
b1001 :
1(
#16232000
0(
#16236000
b1010 :
1(
#16240000
0(
#16244000
b1011 :
1(
#16248000
0(
#16252000
b1100 :
1(
#16256000
0(
#16260000
b1101 :
1(
#16264000
0(
#16268000
b1110 :
1(
#16272000
0(
#16276000
b1111 :
1(
#16280000
0(
#16284000
b10000 :
1(
#16288000
0(
#16292000
b10001 :
1(
#16296000
0(
#16300000
b10010 :
1(
#16304000
0(
#16308000
b10011 :
1(
#16312000
0(
#16316000
19
b0 :
1(
#16320000
0(
#16324000
09
b1 :
b0 6
1(
#16328000
0(
#16332000
b10 :
1(
#16336000
0(
#16340000
b11 :
1(
#16344000
0(
#16348000
b100 :
1(
#16352000
0(
#16356000
b101 :
1(
#16360000
0(
#16364000
b110 :
1(
#16368000
0(
#16372000
b111 :
1(
#16376000
0(
#16380000
b1000 :
1(
#16384000
0(
#16388000
b1001 :
1(
#16392000
0(
#16396000
b1010 :
1(
#16400000
0(
#16404000
b1011 :
1(
#16408000
0(
#16412000
b1100 :
1(
#16416000
0(
#16420000
b1101 :
1(
#16424000
0(
#16428000
b1110 :
1(
#16432000
0(
#16436000
b1111 :
1(
#16440000
0(
#16444000
b10000 :
1(
#16448000
0(
#16452000
b10001 :
1(
#16456000
0(
#16460000
b10010 :
1(
#16464000
0(
#16468000
b10011 :
1(
#16472000
0(
#16476000
19
b0 :
1(
#16480000
0(
#16484000
09
b1 :
1(
#16488000
0(
#16492000
b10 :
1(
#16496000
0(
#16500000
b11 :
1(
#16504000
0(
#16508000
b100 :
1(
#16512000
0(
#16516000
b101 :
1(
#16520000
0(
#16524000
b110 :
1(
#16528000
0(
#16532000
b111 :
1(
#16536000
0(
#16540000
b1000 :
1(
#16544000
0(
#16548000
b1001 :
1(
#16552000
0(
#16556000
b1010 :
1(
#16560000
0(
#16564000
b1011 :
1(
#16568000
0(
#16572000
b1100 :
1(
#16576000
0(
#16580000
b1101 :
1(
#16584000
0(
#16588000
b1110 :
1(
#16592000
0(
#16596000
b1111 :
1(
#16600000
0(
#16604000
b10000 :
1(
#16608000
0(
#16612000
b10001 :
1(
#16616000
0(
#16620000
b10010 :
1(
#16624000
0(
#16628000
b10011 :
1(
#16632000
0(
#16636000
19
b0 :
1(
#16640000
0(
#16644000
09
b1 :
1(
#16648000
0(
#16652000
b10 :
1(
#16656000
0(
#16660000
b11 :
1(
#16664000
0(
#16668000
b100 :
1(
#16672000
0(
#16676000
b101 :
1(
#16680000
0(
#16684000
b110 :
1(
#16688000
0(
#16692000
b111 :
1(
#16696000
0(
#16700000
b1000 :
1(
#16704000
0(
#16708000
b1001 :
1(
#16712000
0(
#16716000
b1010 :
1(
#16720000
0(
#16724000
b1011 :
1(
#16728000
0(
#16732000
b1100 :
1(
#16736000
0(
#16740000
b1101 :
1(
#16744000
0(
#16748000
b1110 :
1(
#16752000
0(
#16756000
b1111 :
1(
#16760000
0(
#16764000
b10000 :
1(
#16768000
0(
#16772000
b10001 :
1(
#16776000
0(
#16780000
b10010 :
1(
#16784000
0(
#16788000
b10011 :
1(
#16792000
0(
#16796000
19
b0 :
1(
#16800000
0(
#16804000
09
b1 :
1(
#16808000
0(
#16812000
b10 :
1(
#16816000
0(
#16820000
b11 :
1(
#16824000
0(
#16828000
b100 :
1(
#16832000
0(
#16836000
b101 :
1(
#16840000
0(
#16844000
b110 :
1(
#16848000
0(
#16852000
b111 :
1(
#16856000
0(
#16860000
b1000 :
1(
#16864000
0(
#16868000
b1001 :
1(
#16872000
0(
#16876000
b1010 :
1(
#16880000
0(
#16884000
b1011 :
1(
#16888000
0(
#16892000
b1100 :
1(
#16896000
0(
#16900000
b1101 :
1(
#16904000
0(
#16908000
b1110 :
1(
#16912000
0(
#16916000
b1111 :
1(
#16920000
0(
#16924000
b10000 :
1(
#16928000
0(
#16932000
b10001 :
1(
#16936000
0(
#16940000
b10010 :
1(
#16944000
0(
#16948000
b10011 :
1(
#16952000
0(
#16956000
19
b0 :
b1000 &
b1000 *
b0 D
b11 C
b11 J
b1111 I
b11 G
b10011110101001000100000001000000010000000100000001110010111110000110110001000000010000000100000001000000010000000100000 H
1(
#16960000
0(
#16964000
b1000 7
09
b1 :
1(
#16968000
0(
#16972000
b10 :
b1000 8
1(
#16976000
0(
#16980000
b0 7
b11 :
b0 &
b0 *
1(
#16984000
0(
#16988000
b100 :
b0 8
1(
#16992000
0(
#16996000
b1000 7
b101 :
b1000 &
b1000 *
b1 D
1(
#17000000
0(
#17004000
b110 :
b1000 8
1(
#17008000
0(
#17012000
b111 :
1(
#17016000
0(
#17020000
b1000 :
b0 &
b0 *
1(
#17024000
0(
#17028000
b0 7
b1001 :
1(
#17032000
0(
#17036000
b1010 :
b0 8
b1000 &
b1000 *
b10 D
1(
#17040000
0(
#17044000
b1000 7
b1011 :
1(
#17048000
0(
#17052000
b1100 :
b1000 8
1(
#17056000
0(
#17060000
b0 7
b1101 :
b0 &
b0 *
1(
#17064000
0(
#17068000
b1110 :
b0 8
1(
#17072000
0(
#17076000
b1000 7
b1111 :
b1000 &
b1000 *
b11 D
1(
#17080000
0(
#17084000
b10000 :
b1000 8
1(
#17088000
0(
#17092000
b10001 :
1(
#17096000
0(
#17100000
b10010 :
b0 &
b0 *
1(
#17104000
0(
#17108000
b0 7
b10011 :
1(
#17112000
0(
#17116000
19
b0 :
b0 8
b1000 &
b1000 *
b100 D
1(
#17120000
0(
#17124000
b1000 7
09
b1 :
1(
#17128000
0(
#17132000
b10 :
b1000 8
1(
#17136000
0(
#17140000
b11 :
1(
#17144000
0(
#17148000
b100 :
1(
#17152000
0(
#17156000
b101 :
1(
#17160000
0(
#17164000
b110 :
1(
#17168000
0(
#17172000
b111 :
1(
#17176000
0(
#17180000
b1000 :
1(
#17184000
0(
#17188000
b1001 :
1(
#17192000
0(
#17196000
b1010 :
1(
#17200000
0(
#17204000
b1011 :
1(
#17208000
0(
#17212000
b1100 :
1(
#17216000
0(
#17220000
b1101 :
1(
#17224000
0(
#17228000
b1110 :
1(
#17232000
0(
#17236000
b1111 :
1(
#17240000
0(
#17244000
b10000 :
1(
#17248000
0(
#17252000
b10001 :
1(
#17256000
0(
#17260000
b10010 :
1(
#17264000
0(
#17268000
b10011 :
1(
#17272000
0(
#17276000
19
b0 :
1(
#17280000
0(
#17284000
b11 $
b11 +
b11 -
b11 B
1!
0"
0#
09
b1 :
b10 6
b1 5
b1 =
1(
#17288000
0(
#17292000
b10 :
1(
#17296000
0(
#17300000
b11 :
1(
#17304000
0(
#17308000
b100 :
1(
#17312000
0(
#17316000
b101 :
1(
#17320000
0(
#17324000
b110 :
1(
#17328000
0(
#17332000
b111 :
1(
#17336000
0(
#17340000
b1000 :
1(
#17344000
0(
#17348000
b1001 :
1(
#17352000
0(
#17356000
b1010 :
1(
#17360000
0(
#17364000
b1011 :
1(
#17368000
0(
#17372000
b1100 :
1(
#17376000
0(
#17380000
b1101 :
1(
#17384000
0(
#17388000
b1110 :
1(
#17392000
0(
#17396000
b1111 :
1(
#17400000
0(
#17404000
b10000 :
1(
#17408000
0(
#17412000
b10001 :
1(
#17416000
0(
#17420000
b10010 :
1(
#17424000
0(
#17428000
b10011 :
1(
#17432000
0(
#17436000
19
b0 :
1(
#17440000
0(
#17444000
09
b1 :
1(
#17448000
0(
#17452000
b10 :
1(
#17456000
0(
#17460000
b11 :
1(
#17464000
0(
#17468000
b100 :
1(
#17472000
0(
#17476000
b101 :
1(
#17480000
0(
#17484000
b110 :
1(
#17488000
0(
#17492000
b111 :
1(
#17496000
0(
#17500000
b1000 :
1(
#17504000
0(
#17508000
b1001 :
1(
#17512000
0(
#17516000
b1010 :
1(
#17520000
0(
#17524000
b1011 :
1(
#17528000
0(
#17532000
b1100 :
1(
#17536000
0(
#17540000
b1101 :
1(
#17544000
0(
#17548000
b1110 :
1(
#17552000
0(
#17556000
b1111 :
1(
#17560000
0(
#17564000
b10000 :
1(
#17568000
0(
#17572000
b10001 :
1(
#17576000
0(
#17580000
b10010 :
1(
#17584000
0(
#17588000
b10011 :
1(
#17592000
0(
#17596000
19
b0 :
1(
#17600000
0(
#17604000
09
b1 :
1(
#17608000
0(
#17612000
b10 :
1(
#17616000
0(
#17620000
b11 :
1(
#17624000
0(
#17628000
b100 :
1(
#17632000
0(
#17636000
b101 :
1(
#17640000
0(
#17644000
b110 :
1(
#17648000
0(
#17652000
b111 :
1(
#17656000
0(
#17660000
b1000 :
1(
#17664000
0(
#17668000
b1001 :
1(
#17672000
0(
#17676000
b1010 :
1(
#17680000
0(
#17684000
b1011 :
1(
#17688000
0(
#17692000
b1100 :
1(
#17696000
0(
#17700000
b1101 :
1(
#17704000
0(
#17708000
b1110 :
1(
#17712000
0(
#17716000
b1111 :
1(
#17720000
0(
#17724000
b10000 :
1(
#17728000
0(
#17732000
b10001 :
1(
#17736000
0(
#17740000
b10010 :
1(
#17744000
0(
#17748000
b10011 :
1(
#17752000
0(
#17756000
19
b0 :
1(
#17760000
0(
#17764000
09
b1 :
1(
#17768000
0(
#17772000
b10 :
1(
#17776000
0(
#17780000
b11 :
1(
#17784000
0(
#17788000
b100 :
1(
#17792000
0(
#17796000
b101 :
1(
#17800000
0(
#17804000
b110 :
1(
#17808000
0(
#17812000
b111 :
1(
#17816000
0(
#17820000
b1000 :
1(
#17824000
0(
#17828000
b1001 :
1(
#17832000
0(
#17836000
b1010 :
1(
#17840000
0(
#17844000
b1011 :
1(
#17848000
0(
#17852000
b1100 :
1(
#17856000
0(
#17860000
b1101 :
1(
#17864000
0(
#17868000
b1110 :
1(
#17872000
0(
#17876000
b1111 :
1(
#17880000
0(
#17884000
b10000 :
1(
#17888000
0(
#17892000
b10001 :
1(
#17896000
0(
#17900000
b10010 :
1(
#17904000
0(
#17908000
b10011 :
1(
#17912000
0(
#17916000
19
b0 :
b0 &
b0 *
b0 D
1(
#17920000
0(
#17924000
b0 7
09
b1 :
1(
#17928000
0(
#17932000
b10 :
b0 8
1(
#17936000
0(
#17940000
b1000 7
b11 :
b1000 &
b1000 *
1(
#17944000
0(
#17948000
b100 :
b1000 8
1(
#17952000
0(
#17956000
b0 7
b101 :
b0 &
b0 *
b1 D
1(
#17960000
0(
#17964000
b110 :
b0 8
1(
#17968000
0(
#17972000
b111 :
1(
#17976000
0(
#17980000
b1000 :
b1000 &
b1000 *
1(
#17984000
0(
#17988000
b1000 7
b1001 :
1(
#17992000
0(
#17996000
b1010 :
b1000 8
b0 &
b0 *
b10 D
1(
#18000000
0(
#18004000
b0 7
b1011 :
1(
#18008000
0(
#18012000
b1100 :
b0 8
1(
#18016000
0(
#18020000
b1000 7
b1101 :
b1000 &
b1000 *
1(
#18024000
0(
#18028000
b1110 :
b1000 8
1(
#18032000
0(
#18036000
b0 7
b1111 :
b0 &
b0 *
b11 D
1(
#18040000
0(
#18044000
b10000 :
b0 8
1(
#18048000
0(
#18052000
b10001 :
1(
#18056000
0(
#18060000
b10010 :
b1000 &
b1000 *
1(
#18064000
0(
#18068000
b1000 7
b10011 :
1(
#18072000
0(
#18076000
19
b0 :
b1000 8
b0 &
b0 *
b100 D
1(
#18080000
0(
#18084000
b0 7
09
b1 :
1(
#18088000
0(
#18092000
b10 :
b0 8
1(
#18096000
0(
#18100000
b11 :
1(
#18104000
0(
#18108000
b100 :
1(
#18112000
0(
#18116000
b101 :
1(
#18120000
0(
#18124000
b110 :
1(
#18128000
0(
#18132000
b111 :
1(
#18136000
0(
#18140000
b1000 :
1(
#18144000
0(
#18148000
b1001 :
1(
#18152000
0(
#18156000
b1010 :
1(
#18160000
0(
#18164000
b1011 :
1(
#18168000
0(
#18172000
b1100 :
1(
#18176000
0(
#18180000
b1101 :
1(
#18184000
0(
#18188000
b1110 :
1(
#18192000
0(
#18196000
b1111 :
1(
#18200000
0(
#18204000
b10000 :
1(
#18208000
0(
#18212000
b10001 :
1(
#18216000
0(
#18220000
b10010 :
1(
#18224000
0(
#18228000
b10011 :
1(
#18232000
0(
#18236000
19
b0 :
1(
#18240000
0(
#18244000
09
b1 :
b0 6
1(
#18248000
0(
#18252000
b10 :
1(
#18256000
0(
#18260000
b11 :
1(
#18264000
0(
#18268000
b100 :
1(
#18272000
0(
#18276000
b101 :
1(
#18280000
0(
#18284000
b110 :
1(
#18288000
0(
#18292000
b111 :
1(
#18296000
0(
#18300000
b1000 :
1(
#18304000
0(
#18308000
b1001 :
1(
#18312000
0(
#18316000
b1010 :
1(
#18320000
0(
#18324000
b1011 :
1(
#18328000
0(
#18332000
b1100 :
1(
#18336000
0(
#18340000
b1101 :
1(
#18344000
0(
#18348000
b1110 :
1(
#18352000
0(
#18356000
b1111 :
1(
#18360000
0(
#18364000
b10000 :
1(
#18368000
0(
#18372000
b10001 :
1(
#18376000
0(
#18380000
b10010 :
1(
#18384000
0(
#18388000
b10011 :
1(
#18392000
0(
#18396000
19
b0 :
1(
#18400000
0(
#18404000
09
b1 :
1(
#18408000
0(
#18412000
b10 :
1(
#18416000
0(
#18420000
b11 :
1(
#18424000
0(
#18428000
b100 :
1(
#18432000
0(
#18436000
b101 :
1(
#18440000
0(
#18444000
b110 :
1(
#18448000
0(
#18452000
b111 :
1(
#18456000
0(
#18460000
b1000 :
1(
#18464000
0(
#18468000
b1001 :
1(
#18472000
0(
#18476000
b1010 :
1(
#18480000
0(
#18484000
b1011 :
1(
#18488000
0(
#18492000
b1100 :
1(
#18496000
0(
#18500000
b1101 :
1(
#18504000
0(
#18508000
b1110 :
1(
#18512000
0(
#18516000
b1111 :
1(
#18520000
0(
#18524000
b10000 :
1(
#18528000
0(
#18532000
b10001 :
1(
#18536000
0(
#18540000
b10010 :
1(
#18544000
0(
#18548000
b10011 :
1(
#18552000
0(
#18556000
19
b0 :
1(
#18560000
0(
#18564000
09
b1 :
1(
#18568000
0(
#18572000
b10 :
1(
#18576000
0(
#18580000
b11 :
1(
#18584000
0(
#18588000
b100 :
1(
#18592000
0(
#18596000
b101 :
1(
#18600000
0(
#18604000
b110 :
1(
#18608000
0(
#18612000
b111 :
1(
#18616000
0(
#18620000
b1000 :
1(
#18624000
0(
#18628000
b1001 :
1(
#18632000
0(
#18636000
b1010 :
1(
#18640000
0(
#18644000
b1011 :
1(
#18648000
0(
#18652000
b1100 :
1(
#18656000
0(
#18660000
b1101 :
1(
#18664000
0(
#18668000
b1110 :
1(
#18672000
0(
#18676000
b1111 :
1(
#18680000
0(
#18684000
b10000 :
1(
#18688000
0(
#18692000
b10001 :
1(
#18696000
0(
#18700000
b10010 :
1(
#18704000
0(
#18708000
b10011 :
1(
#18712000
0(
#18716000
19
b0 :
1(
#18720000
0(
#18724000
09
b1 :
1(
#18728000
0(
#18732000
b10 :
1(
#18736000
0(
#18740000
b11 :
1(
#18744000
0(
#18748000
b100 :
1(
#18752000
0(
#18756000
b101 :
1(
#18760000
0(
#18764000
b110 :
1(
#18768000
0(
#18772000
b111 :
1(
#18776000
0(
#18780000
b1000 :
1(
#18784000
0(
#18788000
b1001 :
1(
#18792000
0(
#18796000
b1010 :
1(
#18800000
0(
#18804000
b1011 :
1(
#18808000
0(
#18812000
b1100 :
1(
#18816000
0(
#18820000
b1101 :
1(
#18824000
0(
#18828000
b1110 :
1(
#18832000
0(
#18836000
b1111 :
1(
#18840000
0(
#18844000
b10000 :
1(
#18848000
0(
#18852000
b10001 :
1(
#18856000
0(
#18860000
b10010 :
1(
#18864000
0(
#18868000
b10011 :
1(
#18872000
0(
#18876000
19
b0 :
b100 &
b100 *
b0 D
b10 C
b100 J
b11 I
b1 G
b10100100100010101010011010101000100000100100000001110010010110100110110001000000010000000100000001000000010000000100000 H
1(
#18880000
0(
#18884000
b100 7
09
b1 :
1(
#18888000
0(
#18892000
b10 :
b100 8
1(
#18896000
0(
#18900000
b0 7
b11 :
b0 &
b0 *
1(
#18904000
0(
#18908000
b100 :
b0 8
1(
#18912000
0(
#18916000
b100 7
b101 :
b100 &
b100 *
b1 D
1(
#18920000
0(
#18924000
b110 :
b100 8
1(
#18928000
0(
#18932000
b111 :
1(
#18936000
0(
#18940000
b1000 :
b0 &
b0 *
1(
#18944000
0(
#18948000
b0 7
b1001 :
1(
#18952000
0(
#18956000
b1010 :
b0 8
b100 &
b100 *
b10 D
1(
#18960000
0(
#18964000
b100 7
b1011 :
1(
#18968000
0(
#18972000
b1100 :
b100 8
1(
#18976000
0(
#18980000
b0 7
b1101 :
b0 &
b0 *
1(
#18984000
0(
#18988000
b1110 :
b0 8
1(
#18992000
0(
#18996000
b100 7
b1111 :
b100 &
b100 *
b11 D
1(
#19000000
0(
#19004000
b10000 :
b100 8
1(
#19008000
0(
#19012000
b10001 :
1(
#19016000
0(
#19020000
b10010 :
b0 &
b0 *
1(
#19024000
0(
#19028000
b0 7
b10011 :
1(
#19032000
0(
#19036000
19
b0 :
b0 8
b100 &
b100 *
b100 D
1(
#19040000
0(
#19044000
b100 7
09
b1 :
1(
#19048000
0(
#19052000
b10 :
b100 8
1(
#19056000
0(
#19060000
b11 :
1(
#19064000
0(
#19068000
b100 :
1(
#19072000
0(
#19076000
b101 :
1(
#19080000
0(
#19084000
b110 :
1(
#19088000
0(
#19092000
b111 :
1(
#19096000
0(
#19100000
b1000 :
1(
#19104000
0(
#19108000
b1001 :
1(
#19112000
0(
#19116000
b1010 :
1(
#19120000
0(
#19124000
b1011 :
1(
#19128000
0(
#19132000
b1100 :
1(
#19136000
0(
#19140000
b1101 :
1(
#19144000
0(
#19148000
b1110 :
1(
#19152000
0(
#19156000
b1111 :
1(
#19160000
0(
#19164000
b10000 :
1(
#19168000
0(
#19172000
b10001 :
1(
#19176000
0(
#19180000
b10010 :
1(
#19184000
0(
#19188000
b10011 :
1(
#19192000
0(
#19196000
19
b0 :
1(
#19200000
0(
#19204000
b1111 $
b1111 +
b1111 -
b1111 B
0!
1"
09
b1 :
b1 6
b0 5
b0 =
1(
#19208000
0(
#19212000
b10 :
1(
#19216000
0(
#19220000
b11 :
1(
#19224000
0(
#19228000
b100 :
1(
#19232000
0(
#19236000
b101 :
1(
#19240000
0(
#19244000
b110 :
1(
#19248000
0(
#19252000
b111 :
1(
#19256000
0(
#19260000
b1000 :
1(
#19264000
0(
#19268000
b1001 :
1(
#19272000
0(
#19276000
b1010 :
1(
#19280000
0(
#19284000
b1011 :
1(
#19288000
0(
#19292000
b1100 :
1(
#19296000
0(
#19300000
b1101 :
1(
#19304000
0(
#19308000
b1110 :
1(
#19312000
0(
#19316000
b1111 :
1(
#19320000
0(
#19324000
b10000 :
1(
#19328000
0(
#19332000
b10001 :
1(
#19336000
0(
#19340000
b10010 :
1(
#19344000
0(
#19348000
b10011 :
1(
#19352000
0(
#19356000
19
b0 :
1(
#19360000
0(
#19364000
09
b1 :
1(
#19368000
0(
#19372000
b10 :
1(
#19376000
0(
#19380000
b11 :
1(
#19384000
0(
#19388000
b100 :
1(
#19392000
0(
#19396000
b101 :
1(
#19400000
0(
#19404000
b110 :
1(
#19408000
0(
#19412000
b111 :
1(
#19416000
0(
#19420000
b1000 :
1(
#19424000
0(
#19428000
b1001 :
1(
#19432000
0(
#19436000
b1010 :
1(
#19440000
0(
#19444000
b1011 :
1(
#19448000
0(
#19452000
b1100 :
1(
#19456000
0(
#19460000
b1101 :
1(
#19464000
0(
#19468000
b1110 :
1(
#19472000
0(
#19476000
b1111 :
1(
#19480000
0(
#19484000
b10000 :
1(
#19488000
0(
#19492000
b10001 :
1(
#19496000
0(
#19500000
b10010 :
1(
#19504000
0(
#19508000
b10011 :
1(
#19512000
0(
#19516000
19
b0 :
1(
#19520000
0(
#19524000
09
b1 :
1(
#19528000
0(
#19532000
b10 :
1(
#19536000
0(
#19540000
b11 :
1(
#19544000
0(
#19548000
b100 :
1(
#19552000
0(
#19556000
b101 :
1(
#19560000
0(
#19564000
b110 :
1(
#19568000
0(
#19572000
b111 :
1(
#19576000
0(
#19580000
b1000 :
1(
#19584000
0(
#19588000
b1001 :
1(
#19592000
0(
#19596000
b1010 :
1(
#19600000
0(
#19604000
b1011 :
1(
#19608000
0(
#19612000
b1100 :
1(
#19616000
0(
#19620000
b1101 :
1(
#19624000
0(
#19628000
b1110 :
1(
#19632000
0(
#19636000
b1111 :
1(
#19640000
0(
#19644000
b10000 :
1(
#19648000
0(
#19652000
b10001 :
1(
#19656000
0(
#19660000
b10010 :
1(
#19664000
0(
#19668000
b10011 :
1(
#19672000
0(
#19676000
19
b0 :
1(
#19680000
0(
#19684000
09
b1 :
1(
#19688000
0(
#19692000
b10 :
1(
#19696000
0(
#19700000
b11 :
1(
#19704000
0(
#19708000
b100 :
1(
#19712000
0(
#19716000
b101 :
1(
#19720000
0(
#19724000
b110 :
1(
#19728000
0(
#19732000
b111 :
1(
#19736000
0(
#19740000
b1000 :
1(
#19744000
0(
#19748000
b1001 :
1(
#19752000
0(
#19756000
b1010 :
1(
#19760000
0(
#19764000
b1011 :
1(
#19768000
0(
#19772000
b1100 :
1(
#19776000
0(
#19780000
b1101 :
1(
#19784000
0(
#19788000
b1110 :
1(
#19792000
0(
#19796000
b1111 :
1(
#19800000
0(
#19804000
b10000 :
1(
#19808000
0(
#19812000
b10001 :
1(
#19816000
0(
#19820000
b10010 :
1(
#19824000
0(
#19828000
b10011 :
1(
#19832000
0(
#19836000
19
b0 :
b0 &
b0 *
b0 D
1(
#19840000
0(
#19844000
b0 7
09
b1 :
1(
#19848000
0(
#19852000
b10 :
b0 8
1(
#19856000
0(
#19860000
b100 7
b11 :
b100 &
b100 *
1(
#19864000
0(
#19868000
b100 :
b100 8
1(
#19872000
0(
#19876000
b0 7
b101 :
b0 &
b0 *
b1 D
1(
#19880000
0(
#19884000
b110 :
b0 8
1(
#19888000
0(
#19892000
b111 :
1(
#19896000
0(
#19900000
b1000 :
b100 &
b100 *
1(
#19904000
0(
#19908000
b100 7
b1001 :
1(
#19912000
0(
#19916000
b1010 :
b100 8
b0 &
b0 *
b10 D
1(
#19920000
0(
#19924000
b0 7
b1011 :
1(
#19928000
0(
#19932000
b1100 :
b0 8
1(
#19936000
0(
#19940000
b100 7
b1101 :
b100 &
b100 *
1(
#19944000
0(
#19948000
b1110 :
b100 8
1(
#19952000
0(
#19956000
b0 7
b1111 :
b0 &
b0 *
b11 D
1(
#19960000
0(
#19964000
b10000 :
b0 8
1(
#19968000
0(
#19972000
b10001 :
1(
#19976000
0(
#19980000
b10010 :
b100 &
b100 *
1(
#19984000
0(
#19988000
b100 7
b10011 :
1(
#19992000
0(
#19996000
19
b0 :
b100 8
b0 &
b0 *
b100 D
1(
#20000000
0(
#20004000
b0 7
09
b1 :
1(
#20008000
0(
#20012000
b10 :
b0 8
1(
#20016000
0(
#20020000
b11 :
1(
#20024000
0(
#20028000
b100 :
1(
#20032000
0(
#20036000
b101 :
1(
#20040000
0(
#20044000
b110 :
1(
#20048000
0(
#20052000
b111 :
1(
#20056000
0(
#20060000
b1000 :
1(
#20064000
0(
#20068000
b1001 :
1(
#20072000
0(
#20076000
b1010 :
1(
#20080000
0(
#20084000
b1011 :
1(
#20088000
0(
#20092000
b1100 :
1(
#20096000
0(
#20100000
b1101 :
1(
#20104000
0(
#20108000
b1110 :
1(
#20112000
0(
#20116000
b1111 :
1(
#20120000
0(
#20124000
b10000 :
1(
#20128000
0(
#20132000
b10001 :
1(
#20136000
0(
#20140000
b10010 :
1(
#20144000
0(
#20148000
b10011 :
1(
#20152000
0(
#20156000
19
b0 :
1(
#20160000
0(
#20164000
09
b1 :
b0 6
1(
#20168000
0(
#20172000
b10 :
1(
#20176000
0(
#20180000
b11 :
1(
#20184000
0(
#20188000
b100 :
1(
#20192000
0(
#20196000
b101 :
1(
#20200000
0(
#20204000
b110 :
1(
#20208000
0(
#20212000
b111 :
1(
#20216000
0(
#20220000
b1000 :
1(
#20224000
0(
#20228000
b1001 :
1(
#20232000
0(
#20236000
b1010 :
1(
#20240000
0(
#20244000
b1011 :
1(
#20248000
0(
#20252000
b1100 :
1(
#20256000
0(
#20260000
b1101 :
1(
#20264000
0(
#20268000
b1110 :
1(
#20272000
0(
#20276000
b1111 :
1(
#20280000
0(
#20284000
b10000 :
1(
#20288000
0(
#20292000
b10001 :
1(
#20296000
0(
#20300000
b10010 :
1(
#20304000
0(
#20308000
b10011 :
1(
#20312000
0(
#20316000
19
b0 :
1(
#20320000
0(
#20324000
09
b1 :
1(
#20328000
0(
#20332000
b10 :
1(
#20336000
0(
#20340000
b11 :
1(
#20344000
0(
#20348000
b100 :
1(
#20352000
0(
#20356000
b101 :
1(
#20360000
0(
#20364000
b110 :
1(
#20368000
0(
#20372000
b111 :
1(
#20376000
0(
#20380000
b1000 :
1(
#20384000
0(
#20388000
b1001 :
1(
#20392000
0(
#20396000
b1010 :
1(
#20400000
0(
#20404000
b1011 :
1(
#20408000
0(
#20412000
b1100 :
1(
#20416000
0(
#20420000
b1101 :
1(
#20424000
0(
#20428000
b1110 :
1(
#20432000
0(
#20436000
b1111 :
1(
#20440000
0(
#20444000
b10000 :
1(
#20448000
0(
#20452000
b10001 :
1(
#20456000
0(
#20460000
b10010 :
1(
#20464000
0(
#20468000
b10011 :
1(
#20472000
0(
#20476000
19
b0 :
1(
#20480000
0(
#20484000
09
b1 :
1(
#20488000
0(
#20492000
b10 :
1(
#20496000
0(
#20500000
b11 :
1(
#20504000
0(
#20508000
b100 :
1(
#20512000
0(
#20516000
b101 :
1(
#20520000
0(
#20524000
b110 :
1(
#20528000
0(
#20532000
b111 :
1(
#20536000
0(
#20540000
b1000 :
1(
#20544000
0(
#20548000
b1001 :
1(
#20552000
0(
#20556000
b1010 :
1(
#20560000
0(
#20564000
b1011 :
1(
#20568000
0(
#20572000
b1100 :
1(
#20576000
0(
#20580000
b1101 :
1(
#20584000
0(
#20588000
b1110 :
1(
#20592000
0(
#20596000
b1111 :
1(
#20600000
0(
#20604000
b10000 :
1(
#20608000
0(
#20612000
b10001 :
1(
#20616000
0(
#20620000
b10010 :
1(
#20624000
0(
#20628000
b10011 :
1(
#20632000
0(
#20636000
19
b0 :
1(
#20640000
0(
#20644000
09
b1 :
1(
#20648000
0(
#20652000
b10 :
1(
#20656000
0(
#20660000
b11 :
1(
#20664000
0(
#20668000
b100 :
1(
#20672000
0(
#20676000
b101 :
1(
#20680000
0(
#20684000
b110 :
1(
#20688000
0(
#20692000
b111 :
1(
#20696000
0(
#20700000
b1000 :
1(
#20704000
0(
#20708000
b1001 :
1(
#20712000
0(
#20716000
b1010 :
1(
#20720000
0(
#20724000
b1011 :
1(
#20728000
0(
#20732000
b1100 :
1(
#20736000
0(
#20740000
b1101 :
1(
#20744000
0(
#20748000
b1110 :
1(
#20752000
0(
#20756000
b1111 :
1(
#20760000
0(
#20764000
b10000 :
1(
#20768000
0(
#20772000
b10001 :
1(
#20776000
0(
#20780000
b10010 :
1(
#20784000
0(
#20788000
b10011 :
1(
#20792000
0(
#20796000
19
b0 :
b10 J
b1111 I
b0 G
b10100110101010101001101010000010010000000100000001110010010101100110110001000000010000000100000001000000010000000100000 H
1(
